Date,Open,High,Low,Close*,Adj Close**,Volume
8/30/2023,1936.00,1946.40,1934.60,1944.30,1944.30,396.00
8/29/2023,1917.90,1936.50,1916.90,1936.50,1936.50,1674.00
8/28/2023,1915.50,1921.50,1915.50,1917.90,1917.90,99.00
8/25/2023,1919.80,1919.80,1911.10,1911.10,1911.10,195.00
8/24/2023,1920.00,1920.80,1918.20,1918.20,1918.20,337.00
8/23/2023,1909.60,1918.50,1909.60,1918.50,1918.50,547.00
8/22/2023,"1,894.60",1896.80,1892.80,1896.40,1896.40,46.00
8/21/2023,"1,893.60",1893.60,1893.30,1893.30,1893.30,876.00
8/18/2023,"1,891.80",1891.80,1886.10,1886.10,1886.10,19.00
8/17/2023,"1,893.70",1902.40,1884.00,1884.10,1884.10,245.00
8/16/2023,"1,904.50",1904.50,1890.30,1896.10,1896.10,22.00
8/15/2023,"1,906.00",1907.70,1895.00,1902.50,1902.50,73.00
8/14/2023,"1,909.30",1912.60,1903.30,1910.60,1910.60,46.00
8/11/2023,"1,913.00",1916.60,1911.80,1912.90,1912.90,57.00
8/10/2023,"1,921.10",1927.80,1911.40,1914.40,1914.40,178.00
8/9/2023,"1,925.40",1928.80,1913.70,1915.40,1915.40,451.00
8/8/2023,"1,931.70",1933.20,1923.00,1924.10,1924.10,555.00
8/7/2023,"1,941.00",1941.00,1929.80,1933.50,1933.50,376.00
8/4/2023,"1,934.90",1945.00,1920.00,1939.60,1939.60,290.00
8/3/2023,"1,934.20",1936.50,1928.00,1932.00,1932.00,773.00
8/2/2023,"1,948.40",1953.60,1933.20,1937.40,1937.40,652.00
8/1/2023,"1,964.90",1965.40,1940.70,1940.70,1940.70,688.00
7/31/2023,"1,959.20",1971.60,1950.00,1970.50,1970.50,1025.00
7/28/2023,"1,945.50",1962.20,1944.20,1960.40,1960.40,23155.00
7/27/2023,"1,945.40",1945.40,1945.40,1945.40,1945.40,194253.00
7/26/2023,"1,966.20",1972.00,1966.20,1968.90,1968.90,51.00
7/25/2023,"1,953.00",1962.50,1953.00,1962.10,1962.10,19.00
7/24/2023,"1,965.30",1965.50,1960.30,1960.30,1960.30,2.00
7/21/2023,"1,961.80",1964.30,1961.80,1964.30,1964.30,50.00
7/20/2023,"1,973.70",1973.70,1965.60,1968.30,1968.30,638.00
7/19/2023,"1,977.00",1977.50,1973.00,1977.50,1977.50,35.00
7/18/2023,"1,968.80",1978.40,1963.40,1977.20,1977.20,83.00
7/17/2023,"1,954.00",1956.50,1946.60,1952.40,1952.40,29.00
7/14/2023,"1,958.40",1960.60,1952.70,1960.10,1960.10,94.00
7/13/2023,"1,961.10",1961.10,1953.00,1959.20,1959.20,121.00
7/12/2023,"1,932.30",1958.00,1932.20,1956.20,1956.20,132.00
7/11/2023,"1,925.00",1937.00,1924.20,1931.30,1931.30,142.00
7/10/2023,"1,923.60",1926.10,1912.30,1925.00,1925.00,269.00
7/7/2023,"1,913.40",1934.10,1913.40,1926.20,1926.20,61.00
7/6/2023,"1,909.30",1910.20,1903.20,1908.70,1908.70,81.00
7/5/2023,"1,923.50",1933.90,1914.70,1919.60,1919.60,193.00
7/3/2023,"1,917.90",1929.50,1917.90,1921.70,1921.70,41.00
6/30/2023,"1,908.60",1921.10,1900.60,1921.10,1921.10,445.00
6/29/2023,"1,909.90",1909.90,1892.50,1909.20,1909.20,289.00
6/28/2023,"1,912.30",1912.30,1912.30,1912.30,1912.30,628.00
6/27/2023,"1,927.00",1929.40,1914.00,1914.00,1914.00,49.00
6/26/2023,"1,922.90",1928.50,1922.50,1923.70,1923.70,71.00
6/23/2023,"1,918.70",1932.50,1918.70,1919.10,1919.10,105.00
6/22/2023,"1,920.00",1921.00,1912.10,1912.70,1912.70,237.00
6/21/2023,"1,935.60",1936.80,1920.00,1933.30,1933.30,557.00
6/20/2023,"1,958.60",1958.60,1931.30,1935.50,1935.50,193.00
6/16/2023,"1,961.40",1962.90,1953.50,1958.40,1958.40,119.00
6/15/2023,"1,941.70",1958.80,1926.00,1957.80,1957.80,329.00
6/14/2023,"1,946.20",1958.20,1940.30,1955.30,1955.30,202.00
6/13/2023,"1,960.60",1967.50,1940.30,1944.60,1944.60,343.00
6/12/2023,"1,959.70",1963.50,1951.40,1955.30,1955.30,212.00
6/9/2023,"1,965.10",1969.80,1960.30,1962.20,1962.20,49.00
6/8/2023,"1,943.20",1969.00,1943.10,1963.60,1963.60,433.00
6/7/2023,"1,959.00",1968.40,1940.70,1942.70,1942.70,139.00
6/6/2023,"1,960.80",1965.50,1958.80,1965.50,1965.50,164.00
6/5/2023,"1,947.50",1961.90,1937.80,1958.00,1958.00,713.00
6/2/2023,"1,977.10",1982.50,1947.40,1952.40,1952.40,356.00
6/1/2023,"1,963.20",1983.00,1954.30,1978.00,1978.00,750.00
5/31/2023,"1,958.20",1973.00,1953.00,1963.90,1963.90,5959.00
5/30/2023,"1,942.70",1962.60,1931.00,1958.00,1958.00,37838.00
5/26/2023,"1,948.20",1948.40,1944.10,1944.10,1944.10,166036.00
5/25/2023,"1,943.10",1943.10,1943.10,1943.10,1943.10,1.00
5/24/2023,"1,975.40",1975.40,1962.80,1962.80,1962.80,189.00
5/23/2023,"1,972.40",1972.40,1972.40,1972.40,1972.40,1.00
5/22/2023,"1,980.50",1980.50,1974.80,1974.80,1974.80,8.00
5/19/2023,"1,960.00",1978.70,1960.00,1978.70,1978.70,106.00
5/18/2023,"1,956.50",1956.80,1956.50,1956.50,1956.50,23.00
5/17/2023,"1,983.60",1983.60,1980.70,1980.70,1980.70,13.00
5/16/2023,"1,988.40",1988.40,1988.40,1988.40,1988.40,49.00
5/15/2023,"2,013.80",2018.00,2013.80,2018.00,2018.00,3.00
5/12/2023,"2,014.50",2014.50,2014.50,2014.50,2014.50,115.00
5/11/2023,"2,034.10",2038.30,2014.00,2014.70,2014.70,90.00
5/10/2023,"2,032.30",2044.30,2029.50,2030.50,2030.50,248.00
5/9/2023,"2,026.60",2037.30,2025.90,2036.20,2036.20,241.00
5/8/2023,"2,022.50",2026.30,2022.50,2026.30,2026.30,3.00
5/5/2023,"2,046.40",2046.40,2004.30,2017.40,2017.40,59.00
5/4/2023,"2,045.00",2072.00,2040.00,2048.00,2048.00,930.00
5/3/2023,"2,017.10",2035.10,2015.20,2028.60,2028.60,1349.00
5/2/2023,"1,994.70",2018.00,1994.70,2014.30,2014.30,1896.00
5/1/2023,"1,980.10",2005.00,1976.90,1983.40,1983.40,210.00
4/28/2023,"1,986.90",1990.10,1977.70,1990.10,1990.10,152.00
4/27/2023,"1,990.60",2002.30,1979.90,1989.90,1989.90,355.00
4/26/2023,"1,997.80",1998.80,1985.60,1985.70,1985.70,615.00
4/25/2023,"1,995.70",1999.10,1982.30,1994.00,1994.00,306.00
4/24/2023,"1,981.30",1989.80,1977.40,1989.10,1989.10,145.00
4/21/2023,"1,996.20",1996.20,1974.10,1979.50,1979.50,132.00
4/20/2023,"1,998.00",2007.60,1998.00,2007.60,2007.60,164.00
4/19/2023,"2,005.70",2006.40,1969.80,1995.20,1995.20,61.00
4/18/2023,"1,996.90",2007.40,1996.90,2007.40,2007.40,72.00
4/17/2023,"2,002.70",2007.60,1983.20,1994.20,1994.20,554.00
4/14/2023,"2,041.00",2047.80,1995.00,2002.20,2002.20,718.00
4/13/2023,"2,015.60",2048.60,2015.60,2041.30,2041.30,1043.00
4/12/2023,"2,005.20",2025.70,2005.20,2010.90,2010.90,172.00
4/11/2023,"1,991.40",2006.50,1991.40,2004.80,2004.80,68.00
4/10/2023,"2,000.00",2006.60,1984.00,1989.10,1989.10,652.00
4/6/2023,"2,022.20",2023.30,2005.00,2011.90,2011.90,-
4/5/2023,"2,022.10",2033.80,2013.60,2020.90,2020.90,525.00
4/4/2023,"1,984.60",2027.10,1979.00,2022.20,2022.20,811.00
4/3/2023,"1,968.10",1991.70,1950.00,1983.90,1983.90,737.00
3/31/2023,"1,981.30",1986.80,1968.00,1969.00,1969.00,957.00
3/30/2023,"1,965.90",1984.40,1954.90,1980.30,1980.30,10119.00
3/29/2023,"1,966.10",1966.10,1966.10,1966.10,1966.10,88563.00
3/28/2023,"1,972.40",1972.40,1972.40,1972.40,1972.40,21.00
3/27/2023,"1,957.20",1957.20,1952.40,1952.40,1952.40,877.00
3/24/2023,"1,991.70",1995.40,1982.10,1982.10,1982.10,19.00
3/23/2023,"1,990.50",1994.60,1990.50,1993.80,1993.80,33.00
3/22/2023,"1,946.80",1974.00,1946.80,1946.80,1946.80,50.00
3/21/2023,"1,973.80",1973.80,1938.00,1938.00,1938.00,47.00
3/20/2023,"1,988.30",2003.90,1968.90,1979.20,1979.20,389.00
3/17/2023,"1,946.00",1985.10,1946.00,1969.80,1969.80,82.00
3/16/2023,"1,909.90",1931.70,1909.90,1919.00,1919.00,394.00
3/15/2023,"1,903.90",1926.60,1898.50,1926.60,1926.60,564.00
3/14/2023,"1,912.20",1912.20,1901.10,1906.20,1906.20,107.00
3/13/2023,"1,890.80",1913.10,1875.10,1911.70,1911.70,503.00
3/10/2023,"1,852.30",1868.50,1852.00,1862.00,1862.00,248.00
3/9/2023,"1,816.40",1829.30,1815.60,1829.30,1829.30,332.00
3/8/2023,"1,811.60",1812.90,1811.50,1812.70,1812.70,75.00
3/7/2023,"1,840.90",1840.90,1813.90,1813.90,1813.90,450.00
3/6/2023,"1,853.30",1853.80,1844.20,1847.90,1847.90,5.00
3/3/2023,"1,837.30",1855.40,1837.30,1847.70,1847.70,61.00
3/2/2023,"1,830.00",1836.30,1830.00,1833.50,1833.50,154.00
3/1/2023,"1,827.10",1841.70,1827.10,1837.70,1837.70,211.00
2/28/2023,"1,808.10",1830.00,1808.10,1828.90,1828.90,618.00
2/27/2023,"1,811.60",1817.50,1808.90,1817.00,1817.00,829.00
2/24/2023,"1,808.80",1808.80,1808.80,1808.80,1808.80,404.00
2/23/2023,"1,826.40",1827.50,1818.00,1818.00,1818.00,291.00
2/22/2023,"1,835.70",1836.20,1825.10,1832.00,1832.00,278.00
2/21/2023,"1,842.60",1843.00,1833.00,1833.00,1833.00,862.00
2/17/2023,"1,827.40",1842.20,1818.40,1840.40,1840.40,35.00
2/16/2023,"1,838.60",1843.70,1827.20,1842.00,1842.00,222.00
2/15/2023,"1,842.00",1842.00,1828.20,1834.20,1834.20,368.00
2/14/2023,"1,854.10",1862.00,1846.20,1854.00,1854.00,656.00
2/13/2023,"1,859.00",1861.00,1850.00,1851.90,1851.90,569.00
2/10/2023,"1,861.60",1863.50,1852.40,1862.80,1862.80,27.00
2/9/2023,"1,875.30",1884.60,1859.80,1866.20,1866.20,223.00
2/8/2023,"1,872.10",1880.40,1872.10,1877.40,1877.40,230.00
2/7/2023,"1,870.00",1875.70,1868.00,1871.70,1871.70,297.00
2/6/2023,"1,865.60",1880.00,1863.40,1866.20,1866.20,424.00
2/3/2023,"1,912.40",1917.00,1861.50,1862.90,1862.90,992.00
2/2/2023,"1,952.30",1959.10,1911.30,1916.30,1916.30,748.00
2/1/2023,"1,927.20",1955.00,1922.00,1927.80,1927.80,2290.00
1/31/2023,"1,923.00",1930.40,1900.60,1929.50,1929.50,1910.00
1/30/2023,"1,928.30",1933.60,1920.30,1922.90,1922.90,27220.00
1/27/2023,"1,928.60",1928.60,1928.60,1928.60,1928.60,150902.00
1/26/2023,"1,936.60",1937.10,1927.10,1929.10,1929.10,131.00
1/25/2023,"1,941.20",1941.20,1939.80,1941.20,1941.20,7.00
1/24/2023,"1,931.80",1936.80,1931.80,1933.90,1933.90,201.00
1/23/2023,"1,926.50",1927.10,1915.00,1927.10,1927.10,218.00
1/20/2023,"1,922.10",1928.50,1921.40,1926.40,1926.40,1346.00
1/19/2023,"1,922.10",1931.80,1922.10,1922.10,1922.10,371.00
1/18/2023,"1,911.10",1911.10,1903.10,1904.40,1904.40,1027.00
1/17/2023,"1,920.10",1920.10,1905.20,1907.20,1907.20,706.00
1/13/2023,"1,899.00",1920.90,1898.30,1918.40,1918.40,512.00
1/12/2023,"1,877.20",1897.40,1877.20,1895.50,1895.50,59.00
1/11/2023,"1,873.10",1877.80,1873.10,1874.60,1874.60,1236.00
1/10/2023,"1,877.80",1878.10,1871.60,1871.60,1871.60,101.00
1/9/2023,"1,867.00",1880.00,1867.00,1872.70,1872.70,62.00
1/6/2023,"1,838.40",1868.20,1835.30,1864.20,1864.20,26.00
1/5/2023,"1,855.20",1855.20,1834.80,1834.80,1834.80,24.00
1/4/2023,"1,845.60",1859.10,1845.60,1852.80,1852.80,25.00
1/3/2023,"1,836.20",1839.70,1836.20,1839.70,1839.70,29.00
12/30/2022,"1,817.00",1822.30,1816.80,1819.70,1819.70,95.00
12/29/2022,"1,805.80",1819.50,1805.80,1819.50,1819.50,277.00
12/28/2022,"1,803.20",1807.90,1803.10,1807.90,1807.90,434.00
12/27/2022,"1,803.40",1826.30,1803.40,1814.80,1814.80,69.00
12/23/2022,"1,794.30",1802.80,1794.10,1795.90,1795.90,49.00
12/22/2022,"1,818.10",1818.10,1785.00,1787.00,1787.00,411.00
12/21/2022,"1,817.40",1821.40,1814.40,1815.90,1815.90,35.00
12/20/2022,"1,786.50",1821.40,1786.50,1815.90,1815.90,51.00
12/19/2022,"1,791.60",1796.30,1785.60,1787.70,1787.70,79.00
12/16/2022,"1,777.90",1791.40,1777.90,1790.00,1790.00,206.00
12/15/2022,"1,801.00",1801.00,1774.80,1777.20,1777.20,421.00
12/14/2022,"1,810.80",1812.80,1797.90,1807.50,1807.50,1074.00
12/13/2022,"1,780.70",1819.80,1780.50,1813.90,1813.90,205.00
12/12/2022,"1,787.30",1793.90,1777.70,1780.50,1780.50,85.00
12/9/2022,"1,794.90",1804.30,1791.10,1798.10,1798.10,125.00
12/8/2022,"1,782.00",1790.90,1782.00,1788.70,1788.70,713.00
12/7/2022,"1,769.30",1790.30,1769.30,1785.50,1785.50,422.00
12/6/2022,"1,768.60",1779.40,1767.90,1769.30,1769.30,105.00
12/5/2022,"1,795.70",1808.00,1764.30,1767.40,1767.40,1713.00
12/2/2022,"1,802.00",1802.30,1779.40,1795.90,1795.90,1725.00
12/1/2022,"1,768.70",1803.70,1768.70,1801.10,1801.10,1053.00
11/30/2022,"1,748.10",1769.40,1745.10,1746.00,1746.00,3339.00
11/29/2022,"1,739.50",1758.20,1737.90,1748.40,1748.40,19416.00
11/28/2022,"1,741.30",1741.30,1740.10,1740.10,1740.10,132767.00
11/25/2022,"1,753.00",1757.90,1749.20,1753.30,1753.30,216.00
11/23/2022,"1,736.50",1750.90,1736.50,1744.90,1744.90,39.00
11/22/2022,"1,741.70",1741.70,1738.30,1738.30,1738.30,15.00
11/21/2022,"1,739.00",1744.90,1736.10,1737.40,1737.40,544.00
11/18/2022,"1,763.30",1763.30,1747.60,1751.90,1751.90,414.00
11/17/2022,"1,763.00",1763.00,1756.00,1760.80,1760.80,18.00
11/16/2022,"1,776.60",1778.90,1773.00,1773.00,1773.00,303.00
11/15/2022,"1,770.80",1773.80,1769.90,1773.80,1773.80,57.00
11/14/2022,"1,762.00",1773.60,1761.60,1773.60,1773.60,358.00
11/11/2022,"1,763.80",1766.00,1757.60,1766.00,1766.00,257.00
11/10/2022,"1,708.20",1750.30,1708.20,1750.30,1750.30,325.00
11/9/2022,"1,707.40",1720.20,1706.00,1710.10,1710.10,497.00
11/8/2022,"1,703.20",1712.10,1703.20,1712.10,1712.10,23.00
11/7/2022,"1,676.90",1677.90,1672.90,1676.50,1676.50,42.00
11/4/2022,"1,630.20",1674.50,1629.00,1672.50,1672.50,159.00
11/3/2022,"1,629.20",1629.20,1615.10,1627.30,1627.30,1427.00
11/2/2022,"1,650.80",1664.70,1634.00,1645.70,1645.70,612.00
11/1/2022,"1,630.80",1653.70,1630.80,1645.00,1645.00,985.00
10/31/2022,"1,641.80",1641.80,1633.40,1635.90,1635.90,522.00
10/28/2022,"1,661.00",1661.00,1638.70,1639.60,1639.60,626.00
10/27/2022,"1,660.70",1660.70,1660.70,1660.70,1660.70,2298.00
10/26/2022,"1,649.80",1667.00,1649.80,1664.00,1664.00,89.00
10/25/2022,"1,648.20",1652.80,1637.30,1652.80,1652.80,880.00
10/24/2022,"1,662.70",1662.70,1648.70,1648.70,1648.70,29.00
10/21/2022,"1,634.10",1653.90,1634.10,1651.00,1651.00,224.00
10/20/2022,"1,622.80",1641.40,1622.80,1630.80,1630.80,477.00
10/19/2022,"1,637.50",1637.50,1627.50,1627.50,1627.50,84.00
10/18/2022,"1,651.40",1655.20,1649.00,1649.00,1649.00,597.00
10/17/2022,"1,650.20",1657.00,1646.80,1657.00,1657.00,238.00
10/14/2022,"1,665.30",1667.00,1640.00,1641.70,1641.70,82.00
10/13/2022,"1,675.20",1675.30,1641.50,1670.00,1670.00,729.00
10/12/2022,"1,668.00",1672.70,1668.00,1670.30,1670.30,149.00
10/11/2022,"1,661.80",1678.70,1661.00,1678.70,1678.70,167.00
10/10/2022,"1,693.40",1693.40,1667.00,1667.30,1667.30,195.00
10/7/2022,"1,710.10",1710.10,1693.70,1700.50,1700.50,179.00
10/6/2022,"1,721.00",1723.30,1709.10,1711.70,1711.70,133.00
10/5/2022,"1,724.10",1726.60,1703.00,1711.40,1711.40,418.00
10/4/2022,"1,701.20",1728.00,1696.00,1721.10,1721.10,291.00
10/3/2022,"1,667.20",1700.00,1661.90,1692.90,1692.90,410.00
9/30/2022,"1,661.70",1672.70,1658.00,1662.40,1662.40,548.00
9/29/2022,"1,657.00",1662.60,1640.00,1658.50,1658.50,6028.00
9/28/2022,"1,620.40",1660.40,1620.40,1660.40,1660.40,18311.00
9/27/2022,"1,632.20",1636.60,1626.70,1626.70,1626.70,888.00
9/26/2022,"1,623.30",1623.30,1623.30,1623.30,1623.30,1205.00
9/23/2022,"1,667.00",1667.00,1645.30,1645.30,1645.30,1224.00
9/22/2022,"1,668.30",1670.80,1668.30,1670.80,1670.80,973.00
9/21/2022,"1,665.50",1680.10,1664.60,1664.60,1664.60,2337.00
9/20/2022,"1,659.70",1659.70,1659.70,1659.70,1659.70,2830.00
9/19/2022,"1,661.80",1669.40,1658.50,1666.20,1666.20,580.00
9/16/2022,"1,660.40",1674.90,1651.70,1671.70,1671.70,464.00
9/15/2022,"1,685.50",1686.00,1662.30,1665.40,1665.40,1125.00
9/14/2022,"1,698.70",1701.80,1696.50,1696.50,1696.50,532.00
9/13/2022,"1,720.50",1720.50,1697.30,1705.00,1705.00,432.00
9/12/2022,"1,727.40",1728.10,1727.40,1728.10,1728.10,68.00
9/9/2022,"1,719.20",1720.00,1712.80,1716.20,1716.20,635.00
9/8/2022,"1,718.20",1718.20,1705.30,1708.00,1708.00,1193.00
9/7/2022,"1,694.80",1715.30,1694.70,1715.30,1715.30,651.00
9/6/2022,"1,709.70",1717.40,1699.70,1700.40,1700.40,697.00
9/2/2022,"1,703.40",1715.70,1703.10,1709.80,1709.80,182.00
9/1/2022,"1,707.90",1707.90,1693.90,1696.60,1696.60,683.00
8/31/2022,"1,718.30",1720.90,1708.50,1712.80,1712.80,2133.00
8/30/2022,"1,736.40",1739.00,1720.70,1723.20,1723.20,385.00
8/29/2022,"1,732.40",1741.20,1732.10,1736.60,1736.60,950.00
8/26/2022,"1,754.00",1755.00,1736.10,1736.10,1736.10,202.00
8/25/2022,"1,761.60",1761.80,1755.00,1757.70,1757.70,172.00
8/24/2022,"1,745.00",1751.80,1743.60,1747.80,1747.80,187.00
8/23/2022,"1,738.00",1748.90,1731.90,1746.80,1746.80,509.00
8/22/2022,"1,740.50",1740.50,1726.50,1734.00,1734.00,347.00
8/19/2022,"1,753.70",1754.30,1747.50,1747.60,1747.60,49.00
8/18/2022,"1,762.90",1762.90,1753.40,1755.30,1755.30,321.00
8/17/2022,"1,769.70",1769.70,1760.00,1760.30,1760.30,23.00
8/16/2022,"1,777.40",1777.40,1771.40,1773.20,1773.20,308.00
8/15/2022,"1,799.00",1799.00,1774.70,1781.40,1781.40,64.00
8/12/2022,"1,786.30",1800.40,1784.30,1798.60,1798.60,187.00
8/11/2022,"1,794.30",1794.30,1785.70,1789.70,1789.70,1235.00
8/10/2022,"1,804.40",1804.90,1787.80,1795.60,1795.60,601.00
8/9/2022,"1,790.00",1796.10,1789.00,1794.00,1794.00,249.00
8/8/2022,"1,771.80",1786.80,1771.80,1786.80,1786.80,127.00
8/5/2022,"1,791.20",1791.40,1764.20,1772.90,1772.90,645.00
8/4/2022,"1,769.40",1792.10,1767.70,1788.50,1788.50,285.00
8/3/2022,"1,756.70",1770.50,1753.00,1758.00,1758.00,399.00
8/2/2022,"1,772.10",1786.60,1759.40,1771.10,1771.10,1078.00
8/1/2022,"1,763.90",1772.50,1756.10,1769.00,1769.00,705.00
7/29/2022,"1,754.00",1765.70,1750.00,1762.90,1762.90,3485.00
7/28/2022,"1,732.30",1755.00,1732.00,1750.30,1750.30,37236.00
7/27/2022,"1,719.10",1719.10,1719.10,1719.10,1719.10,144865.00
7/26/2022,"1,718.00",1718.00,1717.70,1717.70,1717.70,1.00
7/25/2022,"1,727.00",1732.00,1719.00,1719.00,1719.00,67.00
7/22/2022,"1,713.30",1735.00,1713.00,1727.10,1727.10,61.00
7/21/2022,"1,687.00",1715.50,1679.80,1712.70,1712.70,183.00
7/20/2022,"1,707.10",1708.50,1699.50,1699.50,1699.50,130.00
7/19/2022,"1,712.30",1714.40,1706.10,1710.00,1710.00,1684.00
7/18/2022,"1,712.20",1712.40,1709.20,1709.20,1709.20,264.00
7/15/2022,"1,705.40",1709.70,1701.10,1702.40,1702.40,721.00
7/14/2022,"1,710.30",1710.50,1704.50,1704.50,1704.50,1289.00
7/13/2022,"1,710.00",1734.20,1710.00,1734.20,1734.20,368.00
7/12/2022,"1,734.20",1735.50,1723.30,1723.30,1723.30,451.00
7/11/2022,"1,732.50",1736.70,1730.00,1730.00,1730.00,75.00
7/8/2022,"1,738.10",1749.30,1732.10,1740.60,1740.60,370.00
7/7/2022,"1,745.20",1745.20,1737.00,1737.90,1737.90,1869.00
7/6/2022,"1,762.50",1768.00,1734.00,1734.90,1734.90,1729.00
7/5/2022,"1,805.40",1805.40,1761.80,1761.80,1761.80,64.00
7/1/2022,"1,795.50",1806.10,1791.60,1798.90,1798.90,77.00
6/30/2022,"1,809.60",1817.30,1801.00,1804.10,1804.10,328.00
6/29/2022,"1,818.30",1830.30,1812.80,1813.70,1813.70,173.00
6/28/2022,"1,824.20",1826.00,1817.50,1817.50,1817.50,391.00
6/27/2022,"1,830.50",1830.70,1819.90,1820.90,1820.90,77.00
6/24/2022,"1,820.50",1826.50,1815.80,1826.50,1826.50,61.00
6/23/2022,"1,835.50",1841.20,1825.70,1825.70,1825.70,9.00
6/22/2022,"1,829.50",1842.70,1821.60,1834.30,1834.30,115.00
6/21/2022,"1,835.30",1838.60,1830.10,1834.60,1834.60,216.00
6/17/2022,"1,853.70",1853.70,1833.60,1835.60,1835.60,170.00
6/16/2022,"1,819.20",1850.60,1814.90,1845.70,1845.70,136.00
6/15/2022,"1,814.10",1839.00,1810.80,1815.30,1815.30,108.00
6/14/2022,"1,825.00",1825.50,1805.30,1809.50,1809.50,536.00
6/13/2022,"1,873.80",1873.80,1818.70,1828.00,1828.00,127.00
6/10/2022,"1,842.70",1875.60,1823.90,1871.50,1871.50,1490.00
6/9/2022,"1,846.10",1850.10,1837.90,1848.80,1848.80,159.00
6/8/2022,"1,844.80",1855.00,1844.40,1851.90,1851.90,218.00
6/7/2022,"1,836.90",1851.60,1835.00,1847.50,1847.50,1168.00
6/6/2022,"1,849.00",1854.10,1839.20,1839.20,1839.20,142.00
6/3/2022,"1,867.60",1871.80,1845.40,1845.40,1845.40,53.00
6/2/2022,"1,845.40",1868.70,1842.10,1866.50,1866.50,551.00
6/1/2022,"1,831.00",1847.90,1825.30,1843.30,1843.30,1623.00
5/31/2022,"1,850.30",1862.10,1832.80,1842.70,1842.70,4073.00
5/27/2022,"1,848.30",1860.70,1845.90,1851.30,1851.30,30091.00
5/26/2022,"1,840.40",1847.40,1840.40,1847.40,1847.40,123355.00
5/25/2022,"1,846.20",1846.20,1846.20,1846.20,1846.20,-
5/24/2022,"1,852.50",1867.00,1852.50,1865.10,1865.10,33.00
5/23/2022,"1,846.30",1863.00,1845.80,1847.80,1847.80,216.00
5/20/2022,"1,839.10",1841.80,1836.30,1841.80,1841.80,110.00
5/19/2022,"1,810.90",1841.20,1810.70,1841.20,1841.20,138.00
5/18/2022,"1,815.00",1819.70,1805.00,1815.90,1815.90,311.00
5/17/2022,"1,824.90",1828.60,1816.70,1818.20,1818.20,121.00
5/16/2022,"1,790.50",1813.50,1787.00,1813.50,1813.50,34.00
5/13/2022,"1,825.00",1825.00,1807.40,1807.40,1807.40,335.00
5/12/2022,"1,849.80",1851.90,1822.20,1823.80,1823.80,153.00
5/11/2022,"1,841.50",1852.60,1841.00,1852.60,1852.60,892.00
5/10/2022,"1,839.90",1839.90,1839.90,1839.90,1839.90,1540.00
5/9/2022,"1,866.60",1867.50,1854.00,1857.10,1857.10,304.00
5/6/2022,"1,874.70",1890.30,1871.50,1881.20,1881.20,214.00
5/5/2022,"1,897.00",1904.30,1874.00,1874.00,1874.00,80.00
5/4/2022,"1,867.00",1867.00,1867.00,1867.00,1867.00,1.00
5/3/2022,"1,868.80",1868.80,1868.80,1868.80,1868.80,466.00
5/2/2022,"1,896.70",1896.80,1853.00,1861.80,1861.80,385.00
4/29/2022,"1,902.70",1918.20,1902.40,1909.30,1909.30,132.00
4/28/2022,"1,883.80",1893.00,1872.90,1888.70,1888.70,513.00
4/27/2022,"1,897.80",1900.60,1882.20,1885.90,1885.90,1786.00
4/26/2022,"1,900.50",1909.10,1894.00,1901.40,1901.40,302.00
4/25/2022,"1,925.00",1925.00,1889.30,1893.20,1893.20,748.00
4/22/2022,"1,949.60",1950.40,1930.20,1931.00,1931.00,178.00
4/21/2022,"1,942.50",1944.90,1942.50,1944.90,1944.90,4.00
4/20/2022,"1,945.50",1953.60,1945.50,1952.30,1952.30,621.00
4/19/2022,"1,973.80",1978.30,1945.70,1955.70,1955.70,130.00
4/18/2022,"1,973.40",1997.10,1972.80,1982.90,1982.90,196.00
4/14/2022,"1,977.20",1978.70,1963.00,1970.90,1970.90,101.00
4/13/2022,"1,969.50",1981.00,1969.50,1981.00,1981.00,204.00
4/12/2022,"1,952.50",1977.10,1950.60,1972.10,1972.10,246.00
4/11/2022,"1,946.60",1968.40,1941.80,1944.30,1944.30,163.00
4/8/2022,"1,928.80",1947.70,1928.80,1941.60,1941.60,153.00
4/7/2022,"1,919.50",1934.80,1919.50,1933.80,1933.80,311.00
4/6/2022,"1,916.70",1931.80,1916.70,1918.40,1918.40,138.00
4/5/2022,"1,927.10",1943.50,1918.40,1922.90,1922.90,412.00
4/4/2022,"1,921.20",1936.10,1915.60,1929.20,1929.20,371.00
4/1/2022,"1,935.00",1938.00,1917.00,1919.10,1919.10,1016.00
3/31/2022,"1,933.50",1949.90,1919.10,1949.20,1949.20,3617.00
3/30/2022,"1,918.40",1937.00,1914.50,1933.50,1933.50,17765.00
3/29/2022,"1,893.50",1912.00,1893.50,1912.00,1912.00,128051.00
3/28/2022,"1,932.60",1939.60,1932.60,1939.60,1939.60,7.00
3/25/2022,"1,953.80",1953.80,1953.80,1953.80,1953.80,83.00
3/24/2022,"1,963.60",1964.00,1961.60,1961.60,1961.60,8.00
3/23/2022,"1,936.60",1936.60,1936.60,1936.60,1936.60,204.00
3/22/2022,"1,920.70",1920.70,1920.70,1920.70,1920.70,26.00
3/21/2022,"1,925.40",1928.60,1925.00,1928.60,1928.60,5.00
3/18/2022,"1,934.50",1939.30,1928.20,1928.20,1928.20,28.00
3/17/2022,"1,933.90",1947.20,1933.90,1942.10,1942.10,39.00
3/16/2022,"1,922.40",1922.40,1907.20,1908.00,1908.00,104.00
3/15/2022,"1,939.80",1939.90,1910.70,1928.50,1928.50,71.00
3/14/2022,"1,976.50",1977.70,1959.60,1959.60,1959.60,145.00
3/11/2022,"1,985.00",1996.00,1959.90,1982.70,1982.70,865.00
3/10/2022,"1,978.10",2010.50,1978.10,1998.10,1998.10,670.00
3/9/2022,"2,053.60",2063.00,1980.80,1985.90,1985.90,1022.00
3/8/2022,"1,999.40",2072.00,1998.00,2040.10,2040.10,1813.00
3/7/2022,"1,989.00",2001.10,1963.00,1993.90,1993.90,2516.00
3/4/2022,"1,937.00",1970.90,1935.60,1965.10,1965.10,47.00
3/3/2022,"1,930.50",1940.30,1924.80,1934.40,1934.40,122.00
3/2/2022,"1,945.60",1948.20,1919.80,1920.90,1920.90,109.00
3/1/2022,"1,908.30",1942.40,1903.80,1942.40,1942.40,547.00
2/28/2022,"1,928.30",1928.40,1894.20,1899.40,1899.40,390.00
2/25/2022,"1,906.90",1920.00,1883.60,1886.50,1886.50,586.00
2/24/2022,"1,911.90",1972.50,1911.70,1925.10,1925.10,2706.00
2/23/2022,"1,896.60",1910.60,1895.70,1909.20,1909.20,73.00
2/22/2022,"1,908.10",1912.00,1890.80,1906.10,1906.10,173.00
2/18/2022,"1,899.40",1899.40,1890.70,1898.60,1898.60,51.00
2/17/2022,"1,876.30",1900.70,1876.20,1900.70,1900.70,393.00
2/16/2022,"1,858.70",1870.20,1856.30,1870.20,1870.20,34.00
2/15/2022,"1,872.60",1879.70,1847.40,1854.80,1854.80,86.00
2/14/2022,"1,861.80",1870.60,1854.60,1868.00,1868.00,79.00
2/11/2022,"1,822.00",1864.80,1822.00,1840.80,1840.80,181.00
2/10/2022,"1,833.30",1842.10,1820.80,1836.20,1836.20,365.00
2/9/2022,"1,825.40",1835.20,1825.30,1835.20,1835.20,683.00
2/8/2022,"1,818.90",1827.60,1815.00,1826.60,1826.60,108.00
2/7/2022,"1,812.20",1821.30,1809.10,1820.60,1820.60,601.00
2/4/2022,"1,806.00",1813.70,1792.50,1806.60,1806.60,571.00
2/3/2022,"1,805.80",1808.10,1787.90,1803.00,1803.00,466.00
2/2/2022,"1,797.80",1810.10,1795.10,1809.20,1809.20,1690.00
2/1/2022,"1,797.20",1806.10,1797.10,1800.30,1800.30,223.00
1/31/2022,"1,788.50",1798.50,1785.10,1795.00,1795.00,1735.00
1/28/2022,"1,797.50",1798.40,1778.80,1784.90,1784.90,28521.00
1/27/2022,"1,793.30",1793.30,1793.30,1793.30,1793.30,196036.00
1/26/2022,"1,829.90",1829.90,1829.90,1829.90,1829.90,55.00
1/25/2022,"1,843.00",1852.70,1842.00,1852.70,1852.70,11.00
1/24/2022,"1,837.90",1842.10,1837.90,1841.70,1841.70,8.00
1/21/2022,"1,838.00",1842.40,1828.90,1831.80,1831.80,19.00
1/20/2022,"1,840.60",1843.00,1838.20,1842.50,1842.50,20.00
1/19/2022,"1,817.40",1843.10,1817.40,1843.10,1843.10,4.00
1/18/2022,"1,816.80",1820.10,1812.30,1812.30,1812.30,900.00
1/14/2022,"1,821.50",1822.00,1816.50,1816.50,1816.50,816.00
1/13/2022,"1,819.80",1823.00,1815.40,1821.20,1821.20,40.00
1/12/2022,"1,819.00",1827.20,1816.90,1827.20,1827.20,1547.00
1/11/2022,"1,803.90",1822.50,1803.00,1818.60,1818.60,743.00
1/10/2022,"1,794.90",1798.70,1790.40,1798.40,1798.40,534.00
1/7/2022,"1,791.80",1797.00,1784.40,1797.00,1797.00,17.00
1/6/2022,"1,787.10",1791.30,1787.10,1788.70,1788.70,30.00
1/5/2022,"1,813.10",1824.60,1813.10,1824.60,1824.60,8.00
1/4/2022,"1,800.50",1815.30,1800.00,1814.00,1814.00,38.00
1/3/2022,"1,830.10",1830.10,1798.80,1799.40,1799.40,116.00
12/31/2021,"1,825.10",1827.80,1821.40,1827.50,1827.50,80.00
12/30/2021,"1,801.70",1816.00,1796.00,1812.70,1812.70,306.00
12/29/2021,"1,803.20",1805.10,1791.40,1805.10,1805.10,623.00
12/28/2021,"1,812.00",1818.00,1805.50,1810.20,1810.20,146.00
12/27/2021,"1,810.00",1812.10,1807.00,1808.10,1808.10,150.00
12/23/2021,"1,806.00",1811.20,1800.80,1811.20,1811.20,193.00
12/22/2021,"1,786.00",1805.20,1785.50,1801.60,1801.60,567.00
12/21/2021,"1,791.40",1796.50,1787.90,1787.90,1787.90,575.00
12/20/2021,"1,796.80",1799.80,1792.00,1793.70,1793.70,226.00
12/17/2021,"1,804.00",1812.90,1803.80,1803.80,1803.80,654.00
12/16/2021,"1,781.00",1798.10,1781.00,1796.60,1796.60,21.00
12/15/2021,"1,767.40",1778.70,1753.90,1762.60,1762.60,283.00
12/14/2021,"1,787.00",1787.00,1769.00,1770.40,1770.40,322.00
12/13/2021,"1,784.40",1787.10,1783.80,1786.30,1786.30,206.00
12/10/2021,"1,773.80",1785.40,1769.10,1782.90,1782.90,545.00
12/9/2021,"1,783.50",1783.50,1771.80,1774.60,1774.60,455.00
12/8/2021,"1,789.90",1789.90,1779.00,1783.40,1783.40,1383.00
12/7/2021,"1,779.50",1786.10,1772.30,1782.60,1782.60,308.00
12/6/2021,"1,780.20",1783.00,1777.20,1777.50,1777.50,381.00
12/3/2021,"1,767.50",1785.10,1766.50,1782.00,1782.00,694.00
12/2/2021,"1,780.90",1780.90,1760.60,1760.70,1760.70,1557.00
12/1/2021,"1,774.80",1790.50,1772.30,1781.60,1781.60,1128.00
11/30/2021,"1,783.90",1808.10,1768.70,1773.60,1773.60,4903.00
11/29/2021,"1,791.70",1798.90,1779.10,1782.30,1782.30,26926.00
11/26/2021,"1,791.10",1791.40,1785.30,1785.30,1785.30,186800.00
11/24/2021,"1,793.00",1793.00,1781.40,1784.10,1784.10,188.00
11/23/2021,"1,795.50",1795.50,1783.50,1783.50,1783.50,264.00
11/22/2021,"1,841.60",1841.60,1805.70,1806.00,1806.00,14.00
11/19/2021,"1,851.20",1851.20,1851.20,1851.20,1851.20,21.00
11/18/2021,"1,861.00",1861.00,1861.00,1861.00,1861.00,9.00
11/17/2021,"1,862.60",1869.70,1862.60,1869.70,1869.70,2.00
11/16/2021,"1,853.60",1853.60,1853.60,1853.60,1853.60,1.00
11/15/2021,"1,864.50",1866.90,1864.50,1866.10,1866.10,87.00
11/12/2021,"1,860.80",1867.90,1847.60,1867.90,1867.90,210.00
11/11/2021,"1,853.90",1866.50,1853.90,1863.20,1863.20,292.00
11/10/2021,"1,825.80",1865.00,1824.90,1847.60,1847.60,795.00
11/9/2021,"1,826.10",1832.70,1820.70,1830.20,1830.20,170.00
11/8/2021,"1,817.00",1827.40,1816.90,1827.40,1827.40,261.00
11/5/2021,"1,794.90",1817.10,1794.90,1816.40,1816.40,239.00
11/4/2021,"1,776.60",1798.20,1776.20,1793.00,1793.00,103.00
11/3/2021,"1,768.00",1768.00,1761.80,1763.60,1763.60,108.00
11/2/2021,"1,790.50",1795.50,1787.70,1788.70,1788.70,213.00
11/1/2021,"1,787.50",1795.10,1786.70,1795.10,1795.10,142.00
10/29/2021,"1,793.10",1797.00,1774.60,1783.00,1783.00,583.00
10/28/2021,"1,795.50",1807.30,1795.50,1801.60,1801.60,452.00
10/27/2021,"1,791.50",1798.10,1791.50,1797.90,1797.90,543.00
10/26/2021,"1,808.80",1808.80,1788.60,1792.70,1792.70,359.00
10/25/2021,"1,794.30",1809.00,1794.00,1806.00,1806.00,140.00
10/22/2021,"1,787.10",1806.90,1784.00,1795.50,1795.50,532.00
10/21/2021,"1,782.00",1785.70,1781.00,1781.20,1781.20,146.00
10/20/2021,"1,774.60",1785.60,1774.00,1784.10,1784.10,127.00
10/19/2021,"1,777.60",1785.00,1767.50,1769.70,1769.70,51.00
10/18/2021,"1,761.60",1770.10,1759.50,1764.80,1764.80,266.00
10/15/2021,"1,794.50",1795.40,1766.60,1767.20,1767.20,874.00
10/14/2021,"1,792.20",1799.90,1792.00,1796.70,1796.70,337.00
10/13/2021,"1,760.80",1794.50,1760.80,1793.70,1793.70,150.00
10/12/2021,"1,751.90",1768.00,1749.80,1758.30,1758.30,139.00
10/11/2021,"1,756.60",1757.80,1752.20,1754.60,1754.60,128.00
10/8/2021,"1,757.00",1780.00,1754.20,1756.30,1756.30,254.00
10/7/2021,"1,762.40",1762.40,1752.80,1757.90,1757.90,336.00
10/6/2021,"1,759.30",1762.90,1744.70,1760.50,1760.50,56.00
10/5/2021,"1,764.30",1764.30,1749.00,1759.60,1759.60,98.00
10/4/2021,"1,764.50",1768.90,1749.50,1766.20,1766.20,417.00
10/1/2021,"1,754.30",1762.60,1748.50,1757.00,1757.00,2220.00
9/30/2021,"1,725.50",1760.30,1724.50,1755.30,1755.30,997.00
9/29/2021,"1,732.40",1744.10,1721.40,1721.50,1721.50,6634.00
9/28/2021,"1,739.60",1741.70,1726.80,1735.80,1735.80,15748.00
9/27/2021,"1,751.70",1754.40,1747.50,1750.00,1750.00,808.00
9/24/2021,"1,749.70",1749.70,1745.00,1749.70,1749.70,76.00
9/23/2021,"1,766.80",1766.80,1738.20,1747.70,1747.70,31.00
9/22/2021,"1,776.70",1784.30,1767.00,1776.70,1776.70,17.00
9/21/2021,"1,762.20",1776.00,1759.00,1776.00,1776.00,106.00
9/20/2021,"1,751.80",1761.80,1750.90,1761.80,1761.80,185.00
9/17/2021,"1,758.80",1763.00,1749.40,1749.40,1749.40,581.00
9/16/2021,"1,792.90",1792.90,1743.90,1754.60,1754.60,1645.00
9/15/2021,"1,803.70",1803.70,1792.40,1792.40,1792.40,59.00
9/14/2021,"1,791.40",1806.20,1783.00,1804.70,1804.70,764.00
9/13/2021,"1,789.80",1796.00,1784.00,1792.00,1792.00,533.00
9/10/2021,"1,789.60",1789.60,1789.60,1789.60,1789.60,-
9/9/2021,"1,798.70",1798.70,1787.90,1797.40,1797.40,49.00
9/8/2021,"1,781.70",1790.70,1781.70,1790.70,1790.70,69.00
9/7/2021,"1,825.70",1825.70,1792.70,1795.90,1795.90,48.00
9/3/2021,"1,820.90",1833.90,1818.90,1830.90,1830.90,53.00
9/2/2021,"1,813.20",1813.90,1806.80,1808.70,1808.70,26.00
9/1/2021,"1,813.50",1815.90,1809.50,1813.10,1813.10,114.00
8/31/2021,"1,815.90",1815.90,1801.10,1815.00,1815.00,82.00
8/30/2021,"1,818.20",1820.30,1807.80,1809.00,1809.00,684.00
8/27/2021,"1,803.40",1816.60,1803.10,1816.60,1816.60,1219.00
8/26/2021,"1,787.40",1792.20,1781.00,1792.20,1792.20,61.00
8/25/2021,"1,792.00",1792.90,1784.00,1788.20,1788.20,812.00
8/24/2021,"1,801.00",1805.60,1801.00,1805.60,1805.60,22.00
8/23/2021,"1,776.80",1804.80,1776.80,1803.20,1803.20,32.00
8/20/2021,"1,784.10",1787.50,1778.20,1781.00,1781.00,235.00
8/19/2021,"1,780.00",1789.30,1775.50,1780.20,1780.20,245.00
8/18/2021,"1,787.80",1791.50,1779.00,1781.60,1781.60,263.00
8/17/2021,"1,787.70",1794.20,1780.00,1785.00,1785.00,200.00
8/16/2021,"1,776.90",1787.80,1771.90,1786.90,1786.90,219.00
8/13/2021,"1,758.30",1777.30,1757.40,1775.20,1775.20,436.00
8/12/2021,"1,749.70",1752.40,1745.50,1749.00,1749.00,739.00
8/11/2021,"1,727.30",1752.20,1727.30,1750.40,1750.40,542.00
8/10/2021,"1,728.60",1735.20,1720.10,1728.80,1728.80,1363.00
8/9/2021,"1,753.50",1753.80,1692.60,1723.40,1723.40,1621.00
8/6/2021,"1,799.80",1800.10,1758.40,1760.00,1760.00,859.00
8/5/2021,"1,810.80",1813.70,1796.00,1805.10,1805.10,588.00
8/4/2021,"1,809.30",1831.30,1806.30,1810.50,1810.50,2860.00
8/3/2021,"1,812.30",1813.50,1806.00,1810.10,1810.10,3341.00
8/2/2021,"1,812.40",1818.70,1804.80,1818.10,1818.10,1334.00
7/30/2021,"1,828.00",1830.50,1808.90,1812.60,1812.60,3100.00
7/29/2021,"1,806.60",1832.60,1806.10,1831.20,1831.20,30496.00
7/28/2021,"1,799.50",1799.50,1799.50,1799.50,1799.50,209783.00
7/27/2021,"1,803.70",1803.70,1799.50,1799.50,1799.50,1.00
7/26/2021,"1,802.50",1802.50,1797.20,1798.70,1798.70,17.00
7/23/2021,"1,800.00",1801.40,1800.00,1801.40,1801.40,1.00
7/22/2021,"1,793.60",1805.00,1793.60,1805.00,1805.00,2.00
7/21/2021,"1,807.00",1807.00,1800.00,1802.90,1802.90,135.00
7/20/2021,"1,812.90",1824.00,1810.90,1810.90,1810.90,128.00
7/19/2021,"1,803.30",1813.40,1803.30,1808.70,1808.70,33.00
7/16/2021,"1,830.10",1831.40,1814.50,1814.50,1814.50,78.00
7/15/2021,"1,831.60",1833.00,1823.40,1828.40,1828.40,99.00
7/14/2021,"1,813.10",1829.00,1813.10,1824.30,1824.30,707.00
7/13/2021,"1,808.10",1812.00,1800.60,1809.40,1809.40,78.00
7/12/2021,"1,802.60",1805.50,1799.50,1805.50,1805.50,147.00
7/9/2021,"1,803.60",1810.10,1798.80,1810.00,1810.00,218.00
7/8/2021,"1,797.00",1818.50,1797.00,1799.60,1799.60,148.00
7/7/2021,"1,798.70",1808.40,1797.20,1801.50,1801.50,244.00
7/6/2021,"1,786.70",1809.80,1786.70,1793.50,1793.50,332.00
7/2/2021,"1,778.70",1787.90,1778.30,1782.60,1782.60,23.00
7/1/2021,"1,775.70",1781.20,1768.80,1775.90,1775.90,44.00
6/30/2021,"1,761.10",1770.80,1759.20,1770.80,1770.80,51.00
6/29/2021,"1,776.80",1777.10,1752.10,1762.80,1762.80,419.00
6/28/2021,"1,779.60",1779.60,1779.60,1779.60,1779.60,888.00
6/25/2021,"1,777.70",1788.00,1775.20,1776.60,1776.60,35.00
6/24/2021,"1,778.90",1786.40,1775.60,1775.60,1775.60,78.00
6/23/2021,"1,780.70",1793.20,1780.60,1782.30,1782.30,136.00
6/22/2021,"1,783.40",1786.90,1775.90,1776.30,1776.30,101.00
6/21/2021,"1,768.80",1785.20,1766.80,1781.80,1781.80,38.00
6/18/2021,"1,775.70",1792.40,1767.90,1767.90,1767.90,354.00
6/17/2021,"1,811.80",1823.30,1769.60,1773.80,1773.80,1135.00
6/16/2021,"1,859.40",1860.10,1809.20,1859.50,1859.50,117.00
6/15/2021,"1,866.40",1867.20,1854.40,1854.50,1854.50,78.00
6/14/2021,"1,866.20",1866.60,1846.50,1864.00,1864.00,41.00
6/11/2021,"1,900.90",1902.30,1875.20,1877.40,1877.40,349.00
6/10/2021,"1,887.70",1899.80,1871.50,1894.20,1894.20,186.00
6/9/2021,"1,894.90",1897.70,1889.20,1893.20,1893.20,148.00
6/8/2021,"1,896.50",1902.90,1890.00,1892.20,1892.20,930.00
6/7/2021,"1,890.50",1899.70,1883.20,1896.80,1896.80,87.00
6/4/2021,"1,869.30",1895.50,1854.00,1889.80,1889.80,367.00
6/3/2021,"1,908.80",1908.80,1865.00,1871.20,1871.20,1021.00
6/2/2021,"1,899.20",1908.80,1896.00,1907.50,1907.50,1267.00
6/1/2021,"1,905.10",1916.20,1892.80,1902.90,1902.90,640.00
5/28/2021,"1,897.50",1905.40,1881.90,1902.50,1902.50,2415.00
5/27/2021,"1,896.80",1903.90,1888.20,1895.70,1895.70,35794.00
5/26/2021,"1,901.30",1901.30,1901.30,1901.30,1901.30,170526.00
5/25/2021,"1,882.50",1898.10,1882.50,1898.10,1898.10,56.00
5/24/2021,"1,882.10",1884.60,1882.10,1884.60,1884.60,39.00
5/21/2021,"1,872.10",1876.70,1872.10,1876.70,1876.70,5.00
5/20/2021,"1,865.50",1885.00,1864.80,1881.80,1881.80,85.00
5/19/2021,"1,866.40",1884.90,1863.60,1881.30,1881.30,348.00
5/18/2021,"1,870.50",1870.50,1867.80,1867.80,1867.80,3.00
5/17/2021,"1,849.90",1867.50,1847.20,1867.50,1867.50,13.00
5/14/2021,"1,824.50",1842.90,1824.50,1837.90,1837.90,41.00
5/13/2021,"1,814.70",1826.80,1814.10,1823.80,1823.80,100.00
5/12/2021,"1,825.20",1825.20,1821.70,1822.60,1822.60,3.00
5/11/2021,"1,837.20",1838.10,1831.60,1835.90,1835.90,420.00
5/10/2021,"1,835.60",1845.60,1835.40,1837.50,1837.50,13.00
5/7/2021,"1,842.90",1842.90,1831.10,1831.10,1831.10,2.00
5/6/2021,"1,788.90",1815.50,1787.60,1815.50,1815.50,13.00
5/5/2021,"1,781.50",1784.10,1779.20,1784.10,1784.10,57.00
5/4/2021,"1,788.20",1788.50,1774.80,1775.80,1775.80,182.00
5/3/2021,"1,788.50",1793.00,1788.50,1791.40,1791.40,18.00
4/30/2021,"1,771.80",1771.80,1763.90,1767.30,1767.30,18.00
4/29/2021,"1,781.00",1789.00,1758.60,1768.10,1768.10,196.00
4/28/2021,"1,768.20",1774.00,1764.60,1773.20,1773.20,756.00
4/27/2021,"1,780.00",1782.00,1777.70,1778.00,1778.00,117.00
4/26/2021,"1,778.00",1779.70,1770.80,1779.20,1779.20,549.00
4/23/2021,"1,786.10",1794.50,1772.00,1777.00,1777.00,332.00
4/22/2021,"1,794.20",1794.20,1779.50,1781.20,1781.20,159.00
4/21/2021,"1,783.00",1794.10,1777.70,1792.30,1792.30,250.00
4/20/2021,"1,769.30",1777.30,1765.50,1777.30,1777.30,1464.00
4/19/2021,"1,782.10",1788.50,1769.40,1769.40,1769.40,144.00
4/16/2021,"1,770.40",1779.50,1770.10,1779.00,1779.00,625.00
4/15/2021,"1,740.10",1767.90,1740.10,1765.40,1765.40,368.00
4/14/2021,"1,741.30",1745.90,1732.70,1734.90,1734.90,1037.00
4/13/2021,"1,733.80",1746.90,1722.10,1746.20,1746.20,367.00
4/12/2021,"1,740.80",1740.80,1726.70,1731.20,1731.20,40.00
4/9/2021,"1,750.80",1750.80,1733.30,1743.30,1743.30,484.00
4/8/2021,"1,736.00",1758.00,1734.60,1756.80,1756.80,1298.00
4/7/2021,"1,742.70",1742.70,1733.70,1740.10,1740.10,557.00
4/6/2021,"1,726.90",1744.80,1726.90,1741.50,1741.50,890.00
4/5/2021,"1,727.90",1729.70,1721.90,1727.00,1727.00,275.00
4/1/2021,"1,706.80",1728.80,1706.40,1726.50,1726.50,720.00
3/31/2021,"1,683.70",1713.80,1676.50,1713.80,1713.80,762.00
3/30/2021,"1,711.00",1712.60,1676.50,1683.90,1683.90,25316.00
3/29/2021,"1,712.10",1712.10,1712.10,1712.10,1712.10,135457.00
3/26/2021,"1,721.30",1732.20,1721.30,1732.20,1732.20,33.00
3/25/2021,"1,732.70",1733.20,1724.50,1724.90,1724.90,15.00
3/24/2021,"1,727.50",1732.90,1727.50,1732.90,1732.90,26.00
3/23/2021,"1,724.70",1724.70,1724.70,1724.70,1724.70,6.00
3/22/2021,"1,737.80",1737.80,1737.80,1737.80,1737.80,51.00
3/19/2021,"1,742.20",1742.20,1733.60,1741.40,1741.40,13.00
3/18/2021,"1,745.80",1750.30,1721.80,1732.20,1732.20,138.00
3/17/2021,"1,735.30",1750.10,1725.60,1726.80,1726.80,488.00
3/16/2021,"1,732.30",1733.90,1726.00,1730.60,1730.60,729.00
3/15/2021,"1,729.50",1731.90,1722.80,1728.90,1728.90,147.00
3/12/2021,"1,715.90",1722.50,1699.00,1719.50,1719.50,80.00
3/11/2021,"1,725.60",1737.50,1720.20,1722.30,1722.30,18.00
3/10/2021,"1,713.60",1722.90,1711.00,1721.50,1721.50,412.00
3/9/2021,"1,686.20",1717.50,1685.20,1716.60,1716.60,335.00
3/8/2021,"1,704.70",1705.40,1673.70,1677.70,1677.70,1290.00
3/5/2021,"1,690.60",1701.00,1685.00,1698.00,1698.00,302.00
3/4/2021,"1,706.50",1717.40,1700.20,1700.20,1700.20,521.00
3/3/2021,"1,730.00",1732.40,1703.50,1715.30,1715.30,501.00
3/2/2021,"1,709.40",1733.10,1708.70,1733.10,1733.10,867.00
3/1/2021,"1,737.10",1747.00,1720.30,1722.50,1722.50,407.00
2/26/2021,"1,768.10",1768.20,1718.80,1728.10,1728.10,1593.00
2/25/2021,"1,801.50",1802.00,1766.70,1774.40,1774.40,1049.00
2/24/2021,"1,805.80",1805.80,1796.40,1796.40,1796.40,1500.00
2/23/2021,"1,809.60",1811.30,1796.40,1804.40,1804.40,569.00
2/22/2021,"1,784.00",1807.80,1784.00,1806.70,1806.70,165.00
2/19/2021,"1,764.30",1787.60,1764.30,1775.80,1775.80,118.00
2/18/2021,"1,776.10",1784.60,1766.00,1773.40,1773.40,587.00
2/17/2021,"1,785.80",1789.70,1768.80,1771.10,1771.10,614.00
2/16/2021,"1,820.90",1823.40,1787.30,1797.20,1797.20,1141.00
2/12/2021,"1,825.00",1827.50,1809.20,1821.60,1821.60,259.00
2/11/2021,"1,840.50",1845.00,1820.90,1824.90,1824.90,602.00
2/10/2021,"1,842.60",1851.10,1837.00,1840.60,1840.60,543.00
2/9/2021,"1,841.90",1843.30,1830.70,1835.30,1835.30,184.00
2/8/2021,"1,816.30",1836.70,1809.00,1831.90,1831.90,254.00
2/5/2021,"1,794.30",1813.50,1790.90,1810.90,1810.90,1278.00
2/4/2021,"1,832.20",1832.20,1782.80,1788.90,1788.90,2375.00
2/3/2021,"1,834.80",1842.40,1829.80,1832.20,1832.20,1195.00
2/2/2021,"1,859.60",1861.30,1827.60,1830.50,1830.50,1293.00
2/1/2021,"1,866.60",1871.90,1850.00,1860.80,1860.80,1494.00
1/29/2021,"1,842.00",1876.00,1838.70,1847.30,1847.30,1634.00
1/28/2021,"1,843.40",1862.90,1831.50,1837.90,1837.90,27283.00
1/27/2021,"1,844.90",1844.90,1844.90,1844.90,1844.90,195540.00
1/26/2021,"1,855.80",1855.80,1850.70,1850.70,1850.70,59.00
1/25/2021,"1,864.70",1864.70,1851.80,1854.90,1854.90,26.00
1/22/2021,"1,854.90",1855.70,1852.70,1855.70,1855.70,8.00
1/21/2021,"1,865.30",1868.00,1865.30,1865.30,1865.30,6.00
1/20/2021,"1,847.80",1866.60,1844.40,1865.90,1865.90,16.00
1/19/2021,"1,802.00",1842.90,1802.00,1839.50,1839.50,13.00
1/15/2021,"1,829.40",1829.40,1825.00,1829.30,1829.30,31.00
1/14/2021,"1,836.70",1850.70,1836.70,1850.30,1850.30,149.00
1/13/2021,"1,858.00",1858.60,1853.60,1853.60,1853.60,189.00
1/12/2021,"1,849.00",1859.70,1839.40,1842.90,1842.90,176.00
1/11/2021,"1,826.50",1849.60,1826.50,1849.60,1849.60,20.00
1/8/2021,"1,908.00",1908.00,1834.10,1834.10,1834.10,60.00
1/7/2021,"1,922.60",1926.70,1912.00,1912.30,1912.30,122.00
1/6/2021,"1,952.00",1959.90,1901.50,1906.90,1906.90,331.00
1/5/2021,"1,941.70",1952.70,1941.30,1952.70,1952.70,113.00
1/4/2021,"1,912.20",1945.10,1912.20,1944.70,1944.70,154.00
12/31/2020,"1,897.00",1901.30,1892.70,1893.10,1893.10,127.00
12/30/2020,"1,879.90",1895.80,1877.30,1891.00,1891.00,444.00
12/29/2020,"1,881.30",1881.30,1879.70,1879.70,1879.70,343.00
12/28/2020,"1,895.50",1895.80,1873.70,1877.20,1877.20,75.00
12/24/2020,"1,877.30",1879.90,1875.70,1879.90,1879.90,46.00
12/23/2020,"1,867.00",1878.80,1864.50,1874.70,1874.70,82.00
12/22/2020,"1,882.20",1882.20,1861.00,1866.60,1866.60,233.00
12/21/2020,"1,884.80",1908.00,1869.10,1879.20,1879.20,136.00
12/18/2020,"1,882.40",1889.50,1882.30,1885.70,1885.70,276.00
12/17/2020,"1,874.20",1896.20,1874.20,1887.20,1887.20,414.00
12/16/2020,"1,856.50",1864.70,1850.50,1856.10,1856.10,1090.00
12/15/2020,"1,833.50",1853.60,1833.20,1852.30,1852.30,961.00
12/14/2020,"1,835.50",1835.70,1822.70,1828.70,1828.70,258.00
12/11/2020,"1,838.50",1846.00,1829.10,1839.80,1839.80,109.00
12/10/2020,"1,833.20",1849.10,1828.00,1833.60,1833.60,177.00
12/9/2020,"1,867.10",1867.10,1827.00,1834.60,1834.60,215.00
12/8/2020,"1,863.00",1875.80,1861.80,1870.80,1870.80,121.00
12/7/2020,"1,836.50",1866.90,1820.80,1861.80,1861.80,1427.00
12/4/2020,"1,840.70",1847.60,1828.20,1835.90,1835.90,1213.00
12/3/2020,"1,829.20",1842.00,1825.30,1836.80,1836.80,1765.00
12/2/2020,"1,811.30",1830.00,1807.80,1825.70,1825.70,771.00
12/1/2020,"1,775.00",1815.90,1774.90,1814.10,1814.10,1859.00
11/30/2020,"1,785.00",1787.20,1762.30,1775.70,1775.70,3145.00
11/27/2020,"1,806.10",1817.00,1770.70,1781.90,1781.90,71804.00
11/25/2020,"1,801.40",1805.70,1801.40,1805.70,1805.70,205754.00
11/24/2020,"1,829.30",1829.30,1799.30,1804.80,1804.80,1041.00
11/23/2020,"1,834.80",1837.80,1829.20,1837.80,1837.80,843.00
11/20/2020,"1,871.20",1872.60,1871.20,1872.60,1872.60,1900.00
11/19/2020,"1,865.80",1865.80,1856.00,1861.10,1861.10,59.00
11/18/2020,"1,873.50",1873.50,1873.50,1873.50,1873.50,152.00
11/17/2020,"1,888.40",1888.40,1884.50,1884.50,1884.50,59.00
11/16/2020,"1,874.60",1887.30,1871.00,1887.30,1887.30,6.00
11/13/2020,"1,877.00",1890.10,1876.80,1885.70,1885.70,240.00
11/12/2020,"1,869.00",1878.50,1866.60,1872.60,1872.60,220.00
11/11/2020,"1,878.80",1878.80,1855.50,1860.70,1860.70,222.00
11/10/2020,"1,879.30",1885.30,1871.20,1875.40,1875.40,276.00
11/9/2020,"1,955.60",1963.20,1847.10,1853.20,1853.20,745.00
11/6/2020,"1,940.80",1958.80,1940.80,1950.30,1950.30,304.00
11/5/2020,"1,901.70",1948.00,1901.70,1945.30,1945.30,135.00
11/4/2020,"1,893.80",1907.00,1885.30,1894.60,1894.60,782.00
11/3/2020,"1,891.50",1908.50,1891.50,1908.50,1908.50,712.00
11/2/2020,"1,872.90",1894.70,1872.90,1890.40,1890.40,190.00
10/30/2020,"1,862.80",1886.60,1862.80,1877.40,1877.40,725.00
10/29/2020,"1,876.10",1879.80,1858.80,1865.60,1865.60,240.00
10/28/2020,"1,870.90",1876.20,1870.90,1876.20,1876.20,277.00
10/27/2020,"1,904.60",1908.80,1904.40,1908.80,1908.80,176.00
10/26/2020,"1,895.50",1907.00,1893.50,1902.70,1902.70,242.00
10/23/2020,"1,899.90",1913.30,1896.20,1902.00,1902.00,287.00
10/22/2020,"1,924.30",1924.30,1898.20,1901.10,1901.10,899.00
10/21/2020,"1,913.60",1927.30,1913.60,1924.60,1924.60,1202.00
10/20/2020,"1,901.30",1910.40,1896.10,1910.40,1910.40,329.00
10/19/2020,"1,907.30",1907.80,1899.50,1906.40,1906.40,43.00
10/16/2020,"1,898.50",1900.80,1898.50,1900.80,1900.80,53.00
10/15/2020,"1,897.30",1906.30,1889.60,1903.20,1903.20,254.00
10/14/2020,"1,889.70",1910.80,1882.50,1901.30,1901.30,33.00
10/13/2020,"1,921.90",1922.20,1887.00,1888.50,1888.50,191.00
10/12/2020,"1,924.00",1926.50,1921.60,1922.50,1922.50,96.00
10/9/2020,"1,909.30",1929.10,1905.10,1919.50,1919.50,580.00
10/8/2020,"1,893.00",1893.00,1882.70,1888.60,1888.60,348.00
10/7/2020,"1,874.10",1889.80,1873.10,1883.60,1883.60,50.00
10/6/2020,"1,906.60",1918.00,1874.40,1901.10,1901.10,968.00
10/5/2020,"1,898.90",1915.60,1884.70,1912.50,1912.50,1360.00
10/2/2020,"1,893.90",1913.00,1893.90,1900.20,1900.20,530.00
10/1/2020,"1,884.10",1909.60,1882.50,1908.40,1908.40,730.00
9/30/2020,"1,893.00",1899.70,1879.80,1887.50,1887.50,600.00
9/29/2020,"1,876.50",1895.40,1872.40,1894.30,1894.30,3283.00
9/28/2020,"1,872.80",1872.80,1872.80,1872.80,1872.80,10455.00
9/25/2020,"1,856.30",1857.70,1856.30,1857.70,1857.70,4.00
9/24/2020,"1,851.50",1868.30,1851.50,1868.30,1868.30,365.00
9/23/2020,"1,875.50",1875.50,1859.90,1859.90,1859.90,5.00
9/22/2020,"1,913.10",1913.10,1898.60,1898.60,1898.60,331.00
9/21/2020,"1,946.20",1946.20,1883.40,1901.20,1901.20,52.00
9/18/2020,"1,950.50",1952.10,1949.00,1952.10,1952.10,38.00
9/17/2020,"1,939.00",1946.00,1933.70,1940.00,1940.00,67.00
9/16/2020,"1,961.30",1961.40,1956.70,1960.20,1960.20,124.00
9/15/2020,"1,955.80",1968.50,1955.80,1956.30,1956.30,74.00
9/14/2020,"1,946.30",1953.10,1943.00,1953.10,1953.10,55.00
9/11/2020,"1,944.00",1949.50,1937.80,1937.80,1937.80,73.00
9/10/2020,"1,944.10",1962.70,1944.10,1954.20,1954.20,722.00
9/9/2020,"1,926.90",1946.20,1924.60,1944.70,1944.70,219.00
9/8/2020,"1,930.90",1937.90,1903.10,1933.00,1933.00,271.00
9/4/2020,"1,927.90",1939.70,1917.70,1923.90,1923.90,607.00
9/3/2020,"1,937.10",1938.80,1923.00,1927.60,1927.60,179.00
9/2/2020,"1,967.30",1967.30,1934.40,1934.40,1934.40,71.00
9/1/2020,"1,961.70",1986.30,1961.70,1968.20,1968.20,186.00
8/31/2020,"1,970.00",1971.30,1953.30,1967.60,1967.60,158.00
8/28/2020,"1,927.10",1971.30,1922.50,1964.60,1964.60,778.00
8/27/2020,"1,948.90",1972.50,1921.60,1921.60,1921.60,2303.00
8/26/2020,"1,909.70",1950.80,1909.70,1940.70,1940.70,287.00
8/25/2020,"1,927.50",1928.50,1911.80,1911.80,1911.80,176.00
8/24/2020,"1,930.20",1940.00,1922.20,1927.70,1927.70,85.00
8/21/2020,"1,941.00",1945.00,1908.90,1934.60,1934.60,184.00
8/20/2020,"1,941.20",1948.30,1922.30,1933.80,1933.80,106.00
8/19/2020,"1,980.00",1980.00,1938.70,1958.70,1958.70,347.00
8/18/2020,"2,001.10",2002.80,1972.10,1999.40,1999.40,92.00
8/17/2020,"1,949.60",1985.00,1949.60,1985.00,1985.00,97.00
8/14/2020,"1,938.70",1947.40,1937.00,1937.00,1937.00,201.00
8/13/2020,"1,921.50",1957.40,1916.90,1956.70,1956.70,71.00
8/12/2020,"1,923.00",1946.60,1871.60,1934.90,1934.90,404.00
8/11/2020,"2,012.40",2016.00,1904.00,1932.60,1932.60,971.00
8/10/2020,"2,026.40",2043.80,2017.50,2024.40,2024.40,233.00
8/7/2020,"2,040.10",2055.00,2009.60,2010.10,2010.10,808.00
8/6/2020,"2,045.50",2063.00,2040.00,2051.50,2051.50,294.00
8/5/2020,"2,024.00",2050.20,2011.00,2031.10,2031.10,1422.00
8/4/2020,"1,971.00",2016.20,1968.80,2001.20,2001.20,2010.00
8/3/2020,"1,984.30",1984.30,1955.50,1966.00,1966.00,683.00
7/31/2020,"1,948.60",1981.10,1948.00,1962.80,1962.80,2914.00
7/30/2020,"1,963.40",1965.10,1930.00,1942.30,1942.30,28853.00
7/29/2020,"1,953.20",1953.50,1952.60,1953.50,1953.50,209835.00
7/28/2020,"1,931.50",1944.70,1928.60,1944.70,1944.70,825.00
7/27/2020,"1,901.70",1938.00,1901.50,1931.00,1931.00,364.00
7/24/2020,"1,884.30",1897.30,1884.30,1897.30,1897.30,474.00
7/23/2020,"1,868.70",1890.30,1868.50,1889.10,1889.10,133.00
7/22/2020,"1,858.10",1867.00,1854.70,1864.10,1864.10,213.00
7/21/2020,"1,822.00",1842.40,1822.00,1842.40,1842.40,117.00
7/20/2020,"1,807.00",1817.30,1807.00,1815.90,1815.90,89.00
7/17/2020,"1,798.50",1810.10,1798.50,1808.30,1808.30,24.00
7/16/2020,"1,810.90",1810.90,1794.30,1798.70,1798.70,146.00
7/15/2020,"1,806.10",1813.50,1806.10,1811.40,1811.40,167.00
7/14/2020,"1,791.00",1811.50,1791.00,1810.60,1810.60,339.00
7/13/2020,"1,805.00",1811.00,1805.00,1811.00,1811.00,164.00
7/10/2020,"1,805.50",1805.50,1797.70,1798.20,1798.20,236.00
7/9/2020,"1,816.10",1819.80,1799.20,1799.20,1799.20,396.00
7/8/2020,"1,801.50",1817.90,1801.50,1815.50,1815.50,209.00
7/7/2020,"1,789.30",1804.20,1783.30,1804.20,1804.20,751.00
7/6/2020,"1,788.20",1790.10,1788.20,1788.50,1788.50,172.00
7/2/2020,"1,773.40",1784.00,1768.70,1784.00,1784.00,215.00
7/1/2020,"1,793.60",1798.00,1765.80,1773.20,1773.20,331.00
6/30/2020,"1,777.30",1793.20,1774.40,1793.00,1793.00,986.00
6/29/2020,"1,779.80",1780.20,1774.30,1774.80,1774.80,584.00
6/26/2020,"1,766.00",1772.50,1764.70,1772.50,1772.50,640.00
6/25/2020,"1,761.70",1764.80,1759.80,1762.10,1762.10,207.00
6/24/2020,"1,778.30",1783.10,1764.50,1765.80,1765.80,961.00
6/23/2020,"1,755.40",1776.30,1754.20,1772.10,1772.10,666.00
6/22/2020,"1,755.20",1767.60,1750.50,1756.70,1756.70,1356.00
6/19/2020,"1,723.70",1750.70,1723.50,1745.90,1745.90,1329.00
6/18/2020,"1,730.50",1734.10,1717.30,1724.80,1724.80,110.00
6/17/2020,"1,714.70",1729.20,1714.70,1729.20,1729.20,51.00
6/16/2020,"1,726.30",1729.60,1722.40,1729.60,1729.60,22.00
6/15/2020,"1,730.00",1730.00,1703.30,1720.30,1720.30,188.00
6/12/2020,"1,724.90",1743.00,1724.90,1729.30,1729.30,318.00
6/11/2020,"1,737.20",1744.10,1720.00,1732.00,1732.00,347.00
6/10/2020,"1,716.10",1740.80,1711.90,1713.30,1713.30,718.00
6/9/2020,"1,694.60",1720.90,1692.00,1714.70,1714.70,690.00
6/8/2020,"1,679.10",1699.40,1675.90,1698.30,1698.30,587.00
6/5/2020,"1,711.80",1711.80,1668.60,1676.20,1676.20,1502.00
6/4/2020,"1,694.50",1718.90,1694.50,1718.90,1718.90,807.00
6/3/2020,"1,726.30",1726.30,1684.50,1697.80,1697.80,2755.00
6/2/2020,"1,743.00",1745.50,1721.80,1725.20,1725.20,741.00
6/1/2020,"1,740.40",1747.00,1727.10,1737.80,1737.80,871.00
5/29/2020,"1,718.80",1738.30,1715.10,1736.90,1736.90,1526.00
5/28/2020,"1,709.30",1727.80,1705.00,1713.30,1713.30,23355.00
5/27/2020,"1,685.60",1710.30,1685.60,1710.30,1710.30,137416.00
5/26/2020,"1,726.40",1726.40,1704.80,1704.80,1704.80,39.00
5/22/2020,"1,726.60",1734.60,1726.60,1734.60,1734.60,6.00
5/21/2020,"1,746.80",1746.80,1720.50,1720.50,1720.50,528.00
5/20/2020,"1,751.60",1752.10,1745.60,1750.60,1750.60,16.00
5/19/2020,"1,744.20",1749.50,1744.20,1744.20,1744.20,167.00
5/18/2020,"1,755.70",1770.50,1731.80,1731.80,1731.80,229.00
5/15/2020,"1,739.70",1753.40,1739.70,1753.40,1753.40,719.00
5/14/2020,"1,724.30",1743.10,1720.50,1738.10,1738.10,672.00
5/13/2020,"1,702.00",1721.30,1701.90,1713.90,1713.90,431.00
5/12/2020,"1,699.30",1713.10,1699.30,1704.40,1704.40,324.00
5/11/2020,"1,702.30",1704.50,1690.20,1695.30,1695.30,749.00
5/8/2020,"1,726.20",1728.90,1703.80,1709.90,1709.90,330.00
5/7/2020,"1,686.20",1721.80,1685.60,1721.80,1721.80,853.00
5/6/2020,"1,704.00",1704.00,1684.20,1684.20,1684.20,469.00
5/5/2020,"1,701.50",1704.40,1697.20,1704.40,1704.40,82.00
5/4/2020,"1,702.60",1709.00,1699.60,1706.90,1706.90,320.00
5/1/2020,"1,686.60",1701.50,1670.50,1694.50,1694.50,337.00
4/30/2020,"1,719.30",1719.30,1680.80,1684.20,1684.20,327.00
4/29/2020,"1,710.00",1713.50,1702.00,1703.40,1703.40,373.00
4/28/2020,"1,716.60",1716.60,1707.10,1710.50,1710.50,1255.00
4/27/2020,"1,731.90",1731.90,1711.90,1711.90,1711.90,169.00
4/24/2020,"1,744.00",1744.00,1714.50,1723.50,1723.50,221.00
4/23/2020,"1,734.00",1745.10,1733.30,1733.30,1733.30,482.00
4/22/2020,"1,696.00",1728.70,1684.80,1728.70,1728.70,453.00
4/21/2020,"1,697.00",1707.10,1659.90,1678.20,1678.20,666.00
4/20/2020,"1,686.00",1701.60,1680.00,1701.60,1701.60,106.00
4/17/2020,"1,715.70",1725.00,1684.90,1689.20,1689.20,223.00
4/16/2020,"1,731.00",1750.60,1715.00,1720.40,1720.40,162.00
4/15/2020,"1,739.40",1744.90,1722.70,1727.20,1727.20,642.00
4/14/2020,"1,756.80",1775.00,1739.50,1756.70,1756.70,675.00
4/13/2020,"1,722.00",1756.80,1710.70,1744.80,1744.80,696.00
4/9/2020,"1,662.70",1736.20,1662.70,1736.20,1736.20,825.00
4/8/2020,"1,669.70",1677.00,1662.50,1665.40,1665.40,747.00
4/7/2020,"1,695.70",1724.40,1658.00,1664.80,1664.80,1144.00
4/6/2020,"1,629.10",1696.70,1625.90,1677.00,1677.00,1063.00
4/3/2020,"1,624.50",1636.00,1619.80,1633.70,1633.70,643.00
4/2/2020,"1,590.90",1631.20,1586.00,1625.70,1625.70,1294.00
4/1/2020,"1,570.00",1600.00,1570.00,1578.20,1578.20,2158.00
3/31/2020,"1,618.70",1621.00,1576.00,1583.40,1583.40,2874.00
3/30/2020,"1,641.20",1652.80,1607.20,1622.00,1622.00,16389.00
3/27/2020,"1,623.90",1623.90,1623.90,1623.90,1623.90,100638.00
3/26/2020,"1,660.50",1660.50,1650.10,1650.10,1650.10,3.00
3/25/2020,"1,676.50",1676.50,1631.10,1632.30,1632.30,476.00
3/24/2020,"1,592.70",1685.50,1592.70,1660.20,1660.20,442.00
3/23/2020,"1,505.30",1567.00,1490.20,1567.00,1567.00,51.00
3/20/2020,"1,483.50",1484.00,1483.50,1484.00,1484.00,14.00
3/19/2020,"1,481.50",1491.60,1471.00,1478.60,1478.60,262.00
3/18/2020,"1,537.50",1542.00,1477.30,1477.30,1477.30,333.00
3/17/2020,"1,469.30",1537.70,1469.30,1524.90,1524.90,122.00
3/16/2020,"1,569.10",1569.10,1452.10,1485.90,1485.90,193.00
3/13/2020,"1,574.90",1589.80,1513.80,1515.70,1515.70,89.00
3/12/2020,"1,637.00",1647.50,1566.40,1589.30,1589.30,256.00
3/11/2020,"1,656.60",1666.50,1635.00,1641.40,1641.40,47.00
3/10/2020,"1,671.60",1674.60,1643.00,1659.10,1659.10,48.00
3/9/2020,"1,696.10",1701.60,1657.70,1674.50,1674.50,161.00
3/6/2020,"1,670.80",1686.20,1647.20,1670.80,1670.80,175.00
3/5/2020,"1,637.30",1672.90,1637.20,1666.40,1666.40,154.00
3/4/2020,"1,645.40",1645.90,1631.30,1641.10,1641.10,83.00
3/3/2020,"1,594.50",1645.30,1594.00,1642.10,1642.10,610.00
3/2/2020,"1,583.90",1608.30,1574.30,1592.30,1592.30,537.00
2/28/2020,"1,640.30",1642.50,1564.10,1564.10,1564.10,289.00
2/27/2020,"1,641.10",1658.00,1638.50,1640.00,1640.00,707.00
2/26/2020,"1,644.00",1648.10,1636.40,1640.00,1640.00,1990.00
2/25/2020,"1,645.10",1653.70,1632.30,1646.90,1646.90,409.00
2/24/2020,"1,657.00",1686.60,1650.00,1672.40,1672.40,435.00
2/21/2020,"1,619.30",1645.00,1619.30,1644.60,1644.60,186.00
2/20/2020,"1,606.50",1621.00,1603.00,1616.60,1616.60,117.00
2/19/2020,"1,600.60",1610.50,1599.70,1607.50,1607.50,542.00
2/18/2020,"1,579.80",1604.30,1579.80,1600.00,1600.00,310.00
2/14/2020,"1,575.80",1582.70,1574.80,1582.70,1582.70,68.00
2/13/2020,"1,570.20",1575.10,1570.20,1575.10,1575.10,74.00
2/12/2020,"1,565.20",1568.70,1561.00,1567.40,1567.40,36.00
2/11/2020,"1,570.90",1571.10,1561.90,1565.60,1565.60,440.00
2/10/2020,"1,569.30",1574.70,1568.60,1574.70,1574.70,128.00
2/7/2020,"1,564.90",1571.90,1560.50,1568.60,1568.60,431.00
2/6/2020,"1,553.60",1565.60,1551.60,1565.10,1565.10,110.00
2/5/2020,"1,553.20",1560.70,1547.70,1557.80,1557.80,1305.00
2/4/2020,"1,577.70",1577.70,1547.80,1550.40,1550.40,978.00
2/3/2020,"1,592.90",1593.30,1568.20,1577.20,1577.20,1062.00
1/31/2020,"1,573.40",1589.00,1570.00,1582.90,1582.90,1095.00
1/30/2020,"1,576.80",1585.00,1571.40,1583.50,1583.50,62336.00
1/29/2020,"1,569.80",1569.80,1569.80,1569.80,1569.80,251274.00
1/28/2020,"1,576.40",1576.40,1569.20,1569.20,1569.20,3.00
1/27/2020,"1,584.30",1584.50,1576.80,1576.80,1576.80,22.00
1/24/2020,"1,556.30",1571.10,1556.30,1571.10,1571.10,43.00
1/23/2020,"1,553.10",1564.60,1552.20,1564.60,1564.60,15.00
1/22/2020,"1,549.80",1557.10,1549.80,1555.30,1555.30,42.00
1/21/2020,"1,559.30",1566.20,1551.00,1556.40,1556.40,45.00
1/17/2020,"1,554.10",1558.80,1553.60,1558.80,1558.80,108.00
1/16/2020,"1,555.70",1556.10,1548.50,1549.00,1549.00,98.00
1/15/2020,"1,548.00",1553.90,1545.60,1552.10,1552.10,11.00
1/14/2020,"1,546.70",1546.70,1534.90,1542.40,1542.40,32.00
1/13/2020,"1,557.40",1558.00,1548.40,1548.40,1548.40,48.00
1/10/2020,"1,551.20",1558.80,1545.40,1557.50,1557.50,16.00
1/9/2020,"1,555.70",1555.70,1543.30,1551.70,1551.70,54.00
1/8/2020,"1,579.70",1604.20,1552.30,1557.40,1557.40,236.00
1/7/2020,"1,558.30",1576.30,1558.30,1571.80,1571.80,47.00
1/6/2020,"1,580.00",1580.00,1560.40,1566.20,1566.20,416.00
1/3/2020,"1,530.10",1552.70,1530.10,1549.20,1549.20,107.00
1/2/2020,"1,518.10",1528.70,1518.00,1524.50,1524.50,214.00
12/31/2019,"1,513.80",1523.40,1513.80,1519.50,1519.50,301.00
12/30/2019,"1,512.60",1515.10,1510.00,1514.50,1514.50,446.00
12/27/2019,"1,513.80",1513.80,1513.80,1513.80,1513.80,839.00
12/26/2019,"1,505.20",1512.30,1505.00,1509.30,1509.30,126.00
12/24/2019,"1,488.70",1499.10,1488.70,1499.10,1499.10,52.00
12/23/2019,"1,482.30",1482.50,1479.90,1482.50,1482.50,391.00
12/20/2019,"1,476.70",1478.10,1474.70,1474.70,1474.70,118.00
12/19/2019,"1,475.90",1478.90,1473.30,1478.20,1478.20,319.00
12/18/2019,"1,472.60",1472.60,1472.60,1472.60,1472.60,250.00
12/17/2019,"1,474.10",1476.90,1474.00,1474.60,1474.60,410.00
12/16/2019,"1,473.80",1475.30,1473.80,1475.00,1475.00,99.00
12/13/2019,"1,463.10",1475.90,1463.10,1475.60,1475.60,468.00
12/12/2019,"1,475.10",1483.90,1463.70,1466.70,1466.70,955.00
12/11/2019,"1,463.10",1475.40,1463.10,1469.40,1469.40,393.00
12/10/2019,"1,460.70",1467.20,1460.70,1462.60,1462.60,367.00
12/9/2019,"1,458.80",1464.20,1458.60,1459.30,1459.30,1461.00
12/6/2019,"1,475.00",1476.00,1458.20,1459.10,1459.10,899.00
12/5/2019,"1,474.70",1478.00,1472.30,1476.90,1476.90,907.00
12/4/2019,"1,477.50",1483.40,1471.20,1474.00,1474.00,613.00
12/3/2019,"1,461.60",1480.40,1459.50,1478.20,1478.20,1460.00
12/2/2019,"1,462.80",1464.40,1453.30,1462.30,1462.30,2172.00
11/29/2019,"1,453.60",1465.60,1452.10,1465.60,1465.60,7020.00
11/27/2019,"1,461.10",1461.90,1452.00,1453.40,1453.40,88364.00
11/26/2019,"1,459.80",1459.80,1459.80,1459.80,1459.80,346362.00
11/25/2019,"1,457.10",1457.10,1455.50,1456.60,1456.60,14.00
11/22/2019,"1,468.60",1468.60,1463.10,1463.10,1463.10,19.00
11/21/2019,"1,463.10",1463.10,1463.10,1463.10,1463.10,16.00
11/20/2019,"1,472.60",1474.50,1467.30,1473.30,1473.30,31.00
11/19/2019,"1,467.70",1474.30,1467.70,1473.30,1473.30,18.00
11/18/2019,"1,472.00",1472.00,1469.70,1470.90,1470.90,141.00
11/15/2019,"1,469.10",1469.10,1467.30,1467.30,1467.30,13.00
11/14/2019,"1,463.80",1471.80,1463.70,1471.80,1471.80,83.00
11/13/2019,"1,456.80",1463.30,1456.80,1461.70,1461.70,56.00
11/12/2019,"1,454.90",1454.90,1447.10,1452.10,1452.10,6.00
11/11/2019,"1,461.00",1461.00,1449.30,1455.50,1455.50,22.00
11/8/2019,"1,469.10",1469.10,1461.30,1461.30,1461.30,21.00
11/7/2019,"1,489.10",1489.10,1464.20,1464.20,1464.20,581.00
11/6/2019,"1,483.20",1491.00,1483.20,1490.20,1490.20,567.00
11/5/2019,"1,507.10",1507.10,1480.80,1480.80,1480.80,31.00
11/4/2019,"1,511.60",1511.60,1508.00,1508.00,1508.00,101.00
11/1/2019,"1,511.00",1511.60,1503.00,1508.00,1508.00,235.00
10/31/2019,"1,496.10",1513.10,1496.10,1511.40,1511.40,210.00
10/30/2019,"1,487.20",1495.40,1481.00,1493.20,1493.20,320.00
10/29/2019,"1,485.90",1487.00,1485.90,1487.00,1487.00,425.00
10/28/2019,"1,504.10",1504.10,1490.00,1490.00,1490.00,37.00
10/25/2019,"1,501.40",1514.30,1499.00,1499.50,1499.50,93.00
10/24/2019,"1,490.50",1501.20,1485.90,1498.90,1498.90,115.00
10/23/2019,"1,486.40",1490.30,1486.40,1489.90,1489.90,67.00
10/22/2019,"1,483.40",1483.50,1481.70,1481.70,1481.70,99.00
10/21/2019,"1,489.90",1489.90,1481.50,1482.40,1482.40,72.00
10/18/2019,"1,487.30",1489.10,1486.60,1488.20,1488.20,82.00
10/17/2019,"1,486.20",1493.20,1485.80,1492.30,1492.30,271.00
10/16/2019,"1,482.00",1488.00,1480.00,1488.00,1488.00,383.00
10/15/2019,"1,488.90",1495.40,1476.60,1477.60,1477.60,367.00
10/14/2019,"1,484.40",1493.50,1481.30,1491.70,1491.70,400.00
10/11/2019,"1,491.90",1494.90,1476.90,1482.70,1482.70,57.00
10/10/2019,"1,511.20",1511.20,1490.60,1494.80,1494.80,78.00
10/9/2019,"1,507.70",1507.70,1498.40,1506.10,1506.10,120.00
10/8/2019,"1,489.40",1506.30,1489.30,1497.20,1497.20,46.00
10/7/2019,"1,504.80",1505.80,1489.10,1497.70,1497.70,121.00
10/4/2019,"1,505.60",1508.70,1497.10,1506.20,1506.20,233.00
10/3/2019,"1,497.40",1518.20,1496.60,1507.10,1507.10,1213.00
10/2/2019,"1,476.60",1503.70,1474.10,1501.00,1501.00,205.00
10/1/2019,"1,468.70",1485.50,1458.30,1482.00,1482.00,219.00
9/30/2019,"1,495.90",1495.90,1463.50,1465.70,1465.70,1078.00
9/27/2019,"1,504.20",1506.10,1485.60,1499.10,1499.10,7827.00
9/26/2019,"1,507.50",1507.50,1507.50,1507.50,1507.50,8178.00
9/25/2019,"1,527.60",1527.90,1504.60,1504.60,1504.60,25.00
9/24/2019,"1,515.10",1533.00,1515.10,1532.10,1532.10,25.00
9/23/2019,"1,515.50",1523.70,1515.50,1523.70,1523.70,5.00
9/20/2019,"1,503.00",1507.30,1503.00,1507.30,1507.30,2.00
9/19/2019,"1,496.10",1502.40,1496.10,1498.40,1498.40,10.00
9/18/2019,"1,508.90",1509.40,1489.30,1507.50,1507.50,8.00
9/17/2019,"1,497.90",1505.10,1497.90,1505.10,1505.10,3.00
9/16/2019,"1,506.60",1506.80,1496.90,1503.10,1503.10,21.00
9/13/2019,"1,490.90",1490.90,1486.90,1490.90,1490.90,1.00
9/12/2019,"1,499.50",1515.40,1498.70,1498.70,1498.70,27.00
9/11/2019,"1,491.70",1496.60,1490.20,1494.40,1494.40,8.00
9/10/2019,"1,498.50",1498.50,1486.90,1490.30,1490.30,23.00
9/9/2019,"1,509.00",1513.00,1498.00,1502.20,1502.20,69.00
9/6/2019,"1,517.30",1526.00,1504.50,1506.20,1506.20,54.00
9/5/2019,"1,551.00",1551.10,1511.10,1515.40,1515.40,125.00
9/4/2019,"1,549.00",1553.20,1534.80,1550.30,1550.30,46.00
9/3/2019,"1,522.90",1547.30,1521.00,1545.90,1545.90,139.00
8/30/2019,"1,524.60",1530.40,1516.70,1519.10,1519.10,276.00
8/29/2019,"1,537.50",1549.30,1519.60,1526.50,1526.50,704.00
8/28/2019,"1,538.10",1538.10,1537.80,1537.80,1537.80,2756.00
8/27/2019,"1,530.50",1542.10,1528.50,1541.00,1541.00,166.00
8/26/2019,"1,543.20",1543.30,1524.30,1526.30,1526.30,334.00
8/23/2019,"1,493.50",1527.60,1493.50,1526.60,1526.60,983.00
8/22/2019,"1,495.10",1497.30,1493.80,1497.30,1497.30,686.00
8/21/2019,"1,504.90",1505.00,1498.80,1504.60,1504.60,350.00
8/20/2019,"1,497.50",1506.10,1497.50,1504.60,1504.60,486.00
8/19/2019,"1,507.20",1507.60,1492.90,1500.40,1500.40,205.00
8/16/2019,"1,524.60",1524.60,1504.70,1512.50,1512.50,1815.00
8/15/2019,"1,519.80",1522.70,1510.60,1519.60,1519.60,87.00
8/14/2019,"1,500.00",1520.50,1497.00,1515.90,1515.90,328.00
8/13/2019,"1,510.40",1531.40,1483.70,1502.20,1502.20,672.00
8/12/2019,"1,496.00",1514.90,1488.10,1505.30,1505.30,257.00
8/9/2019,"1,506.20",1507.50,1495.60,1496.60,1496.60,74.00
8/8/2019,"1,498.40",1508.50,1492.00,1497.70,1497.70,367.00
8/7/2019,"1,473.50",1509.90,1473.20,1507.30,1507.30,824.00
8/6/2019,"1,469.70",1475.00,1457.70,1472.40,1472.40,460.00
8/5/2019,"1,440.40",1469.70,1440.40,1464.60,1464.60,1008.00
8/2/2019,"1,448.00",1448.00,1432.30,1445.60,1445.60,1873.00
8/1/2019,"1,411.30",1445.20,1400.90,1420.90,1420.90,2431.00
7/31/2019,"1,431.30",1435.80,1411.20,1426.10,1426.10,3294.00
7/30/2019,"1,426.30",1433.90,1422.10,1429.70,1429.70,73874.00
7/29/2019,"1,419.60",1419.60,1419.60,1419.60,1419.60,224267.00
7/26/2019,"1,422.80",1423.00,1418.50,1418.50,1418.50,5.00
7/25/2019,"1,413.90",1413.90,1413.90,1413.90,1413.90,4.00
7/24/2019,"1,422.80",1422.80,1422.80,1422.80,1422.80,20.00
7/23/2019,"1,418.60",1421.30,1416.30,1420.10,1420.10,5.00
7/22/2019,"1,425.30",1425.30,1424.00,1425.30,1425.30,1.00
7/19/2019,"1,440.50",1442.00,1425.10,1425.10,1425.10,22.00
7/18/2019,"1,422.30",1444.20,1419.50,1426.10,1426.10,66.00
7/17/2019,"1,404.60",1421.30,1404.60,1421.30,1421.30,6.00
7/16/2019,"1,413.60",1413.70,1405.00,1409.20,1409.20,13.00
7/15/2019,"1,414.40",1415.00,1411.40,1411.40,1411.40,25.00
7/12/2019,"1,405.60",1410.10,1405.60,1409.90,1409.90,8.00
7/11/2019,"1,424.00",1424.00,1404.30,1404.30,1404.30,6.00
7/10/2019,"1,409.90",1410.10,1409.90,1410.10,1410.10,50.00
7/9/2019,"1,394.50",1397.50,1386.20,1397.50,1397.50,53.00
7/8/2019,"1,395.90",1397.00,1393.60,1397.00,1397.00,14.00
7/5/2019,"1,418.30",1418.30,1390.20,1396.70,1396.70,20.00
7/3/2019,"1,431.00",1434.00,1413.10,1417.70,1417.70,46.00
7/2/2019,"1,391.10",1418.40,1390.80,1404.60,1404.60,38.00
7/1/2019,"1,386.60",1395.80,1382.80,1385.60,1385.60,214.00
6/28/2019,"1,408.30",1422.00,1408.30,1409.70,1409.70,356.00
6/27/2019,"1,407.00",1410.80,1399.80,1408.40,1408.40,437.00
6/26/2019,"1,407.20",1413.30,1405.80,1411.60,1411.60,1333.00
6/25/2019,"1,418.10",1433.30,1414.90,1414.90,1414.90,105.00
6/24/2019,"1,406.00",1420.60,1402.10,1414.30,1414.30,125.00
6/21/2019,"1,406.00",1406.00,1390.30,1396.20,1396.20,35.00
6/20/2019,"1,381.50",1392.90,1379.50,1392.90,1392.90,76.00
6/19/2019,"1,344.00",1344.60,1344.00,1344.60,1344.60,129.00
6/18/2019,"1,349.30",1349.30,1341.60,1346.60,1346.60,29.00
6/17/2019,"1,339.00",1340.30,1335.00,1338.70,1338.70,76.00
6/14/2019,"1,345.40",1355.40,1339.30,1340.10,1340.10,914.00
6/13/2019,"1,331.60",1341.10,1331.60,1339.20,1339.20,157.00
6/12/2019,"1,326.90",1334.50,1326.90,1331.90,1331.90,139.00
6/11/2019,"1,328.40",1328.40,1319.10,1326.40,1326.40,201.00
6/10/2019,"1,335.80",1336.50,1324.10,1324.70,1324.70,268.00
6/7/2019,"1,333.10",1347.70,1329.80,1341.20,1341.20,240.00
6/6/2019,"1,330.80",1338.70,1326.20,1337.60,1337.60,161.00
6/5/2019,"1,328.90",1343.30,1326.30,1328.30,1328.30,622.00
6/4/2019,"1,324.30",1328.60,1320.80,1323.40,1323.40,302.00
6/3/2019,"1,307.00",1327.80,1307.00,1322.70,1322.70,812.00
5/31/2019,"1,287.70",1306.40,1287.50,1305.80,1305.80,2814.00
5/30/2019,"1,279.40",1288.30,1273.90,1287.10,1287.10,55573.00
5/29/2019,"1,280.60",1280.60,1280.60,1280.60,1280.60,189694.00
5/28/2019,"1,276.50",1276.50,1276.50,1276.50,1276.50,-
5/24/2019,"1,283.00",1283.00,1283.00,1283.00,1283.00,9.00
5/23/2019,"1,284.80",1284.80,1284.80,1284.80,1284.80,-
5/22/2019,"1,273.60",1273.60,1273.60,1273.60,1273.60,-
5/21/2019,"1,272.00",1272.00,1272.00,1272.00,1272.00,-
5/20/2019,"1,276.10",1276.10,1276.10,1276.10,1276.10,20.00
5/17/2019,"1,280.00",1280.00,1274.50,1274.50,1274.50,1.00
5/16/2019,"1,285.20",1285.40,1285.00,1285.00,1285.00,3.00
5/15/2019,"1,296.90",1296.90,1296.00,1296.30,1296.30,55.00
5/14/2019,"1,297.80",1297.80,1294.70,1294.70,1294.70,6.00
5/13/2019,"1,286.70",1300.10,1281.80,1300.10,1300.10,56.00
5/10/2019,"1,285.40",1286.50,1283.30,1285.70,1285.70,6.00
5/9/2019,"1,278.90",1285.00,1278.80,1283.50,1283.50,38.00
5/8/2019,"1,279.40",1279.40,1279.40,1279.40,1279.40,5.00
5/7/2019,"1,280.50",1283.50,1280.50,1283.50,1283.50,8.00
5/6/2019,"1,282.20",1282.20,1280.30,1281.70,1281.70,12.00
5/3/2019,"1,270.10",1279.20,1270.10,1279.20,1279.20,15.00
5/2/2019,"1,269.20",1270.80,1266.60,1269.70,1269.70,63.00
5/1/2019,"1,278.70",1283.30,1278.70,1281.40,1281.40,70.00
4/30/2019,"1,281.70",1283.30,1280.80,1282.80,1282.80,114.00
4/29/2019,"1,284.80",1284.90,1277.10,1278.60,1278.60,568.00
4/26/2019,"1,284.90",1284.90,1284.90,1284.90,1284.90,804.00
4/25/2019,"1,280.60",1280.80,1275.80,1275.80,1275.80,95.00
4/24/2019,"1,268.40",1275.50,1267.80,1275.50,1275.50,518.00
4/23/2019,"1,266.40",1269.80,1266.00,1269.30,1269.30,206.00
4/22/2019,"1,273.50",1273.50,1273.50,1273.50,1273.50,147.00
4/18/2019,"1,270.80",1273.60,1270.10,1271.90,1271.90,27.00
4/17/2019,"1,273.50",1273.50,1271.60,1272.20,1272.20,308.00
4/16/2019,"1,285.20",1285.20,1272.20,1272.60,1272.60,643.00
4/15/2019,"1,284.80",1287.30,1282.30,1286.80,1286.80,523.00
4/12/2019,"1,293.40",1293.40,1289.20,1290.60,1290.60,607.00
4/11/2019,"1,307.00",1307.10,1288.60,1288.60,1288.60,420.00
4/10/2019,"1,304.00",1309.10,1301.50,1309.10,1309.10,66.00
4/9/2019,"1,298.50",1304.90,1298.50,1303.50,1303.50,30.00
4/8/2019,"1,292.20",1302.10,1291.80,1297.10,1297.10,63.00
4/5/2019,"1,292.00",1292.00,1283.60,1290.40,1290.40,181.00
4/4/2019,"1,290.60",1292.60,1279.50,1289.00,1289.00,269.00
4/3/2019,"1,291.40",1293.10,1287.50,1289.90,1289.90,172.00
4/2/2019,"1,286.30",1290.90,1284.50,1290.00,1290.00,525.00
4/1/2019,"1,291.80",1295.90,1285.70,1288.40,1288.40,675.00
3/29/2019,"1,289.60",1298.50,1286.10,1293.00,1293.00,1265.00
3/28/2019,"1,308.40",1311.10,1287.70,1289.80,1289.80,87798.00
3/27/2019,"1,309.90",1309.90,1309.90,1309.90,1309.90,206263.00
3/26/2019,"1,315.60",1315.60,1314.30,1314.30,1314.30,1.00
3/25/2019,"1,320.70",1322.90,1320.70,1321.90,1321.90,19.00
3/22/2019,"1,311.60",1311.60,1311.60,1311.60,1311.60,-
3/21/2019,"1,306.10",1306.10,1306.10,1306.10,1306.10,-
3/20/2019,"1,300.70",1300.70,1300.50,1300.50,1300.50,2.00
3/19/2019,"1,306.90",1306.90,1304.80,1305.00,1305.00,20.00
3/18/2019,"1,297.30",1302.20,1297.30,1300.30,1300.30,8.00
3/15/2019,"1,300.90",1304.70,1300.50,1301.80,1301.80,26.00
3/14/2019,"1,293.40",1293.40,1293.40,1293.40,1293.40,1.00
3/13/2019,"1,307.50",1307.50,1307.50,1307.50,1307.50,-
3/12/2019,"1,294.70",1296.30,1294.70,1296.30,1296.30,1.00
3/11/2019,"1,291.00",1291.00,1288.80,1288.80,1288.80,9.00
3/8/2019,"1,292.10",1297.40,1291.60,1297.00,1297.00,10.00
3/7/2019,"1,281.00",1284.60,1281.00,1283.80,1283.80,11.00
3/6/2019,"1,287.10",1287.10,1282.60,1284.90,1284.90,14.00
3/5/2019,"1,287.00",1287.00,1282.00,1282.00,1282.00,114.00
3/4/2019,"1,285.50",1287.00,1281.90,1284.80,1284.80,28.00
3/1/2019,"1,312.20",1312.20,1288.90,1296.40,1296.40,110.00
2/28/2019,"1,321.10",1323.70,1311.50,1312.80,1312.80,141.00
2/27/2019,"1,327.70",1327.90,1316.50,1317.70,1317.70,604.00
2/26/2019,"1,323.30",1325.50,1323.30,1325.10,1325.10,939.00
2/25/2019,"1,329.20",1331.60,1325.60,1325.90,1325.90,185.00
2/22/2019,"1,324.20",1331.30,1321.00,1329.20,1329.20,718.00
2/21/2019,"1,331.30",1334.90,1320.90,1323.50,1323.50,414.00
2/20/2019,"1,342.20",1344.00,1338.00,1343.30,1343.30,581.00
2/19/2019,"1,320.90",1340.10,1320.50,1340.10,1340.10,390.00
2/15/2019,"1,313.60",1318.80,1313.60,1318.10,1318.10,190.00
2/14/2019,"1,305.00",1311.80,1301.60,1309.80,1309.80,858.00
2/13/2019,"1,311.60",1316.00,1308.10,1310.80,1310.80,143.00
2/12/2019,"1,310.00",1312.00,1307.60,1309.20,1309.20,109.00
2/11/2019,"1,313.40",1313.40,1304.70,1307.00,1307.00,119.00
2/8/2019,"1,309.50",1314.00,1307.80,1313.70,1313.70,122.00
2/7/2019,"1,302.90",1310.40,1302.20,1309.40,1309.40,203.00
2/6/2019,"1,312.50",1313.50,1305.00,1309.50,1309.50,358.00
2/5/2019,"1,311.10",1315.10,1311.00,1314.20,1314.20,362.00
2/4/2019,"1,318.10",1318.10,1308.30,1314.30,1314.30,675.00
2/1/2019,"1,320.30",1320.70,1315.40,1316.90,1316.90,878.00
1/31/2019,"1,320.00",1325.40,1316.70,1319.70,1319.70,1970.00
1/30/2019,"1,310.40",1323.40,1308.10,1309.90,1309.90,54958.00
1/29/2019,"1,308.20",1308.20,1308.20,1308.20,1308.20,213607.00
1/28/2019,"1,300.80",1307.10,1298.40,1302.40,1302.40,54.00
1/25/2019,"1,297.40",1297.40,1297.40,1297.40,1297.40,-
1/24/2019,"1,279.10",1279.10,1278.50,1279.10,1279.10,1.00
1/23/2019,"1,281.70",1283.90,1278.70,1283.10,1283.10,14.00
1/22/2019,"1,282.50",1283.30,1282.50,1282.50,1282.50,7.00
1/18/2019,"1,281.30",1281.30,1281.30,1281.30,1281.30,3.00
1/17/2019,"1,291.60",1292.70,1288.50,1291.00,1291.00,10.00
1/16/2019,"1,291.60",1291.60,1291.60,1291.60,1291.60,2.00
1/15/2019,"1,290.10",1292.70,1286.20,1286.20,1286.20,3.00
1/14/2019,"1,292.40",1293.90,1289.10,1289.10,1289.10,7.00
1/11/2019,"1,291.20",1291.20,1286.30,1287.10,1287.10,11.00
1/10/2019,"1,284.70",1284.70,1284.70,1284.70,1284.70,-
1/9/2019,"1,279.40",1289.30,1279.20,1289.30,1289.30,102.00
1/8/2019,"1,280.50",1283.20,1278.20,1283.20,1283.20,54.00
1/7/2019,"1,286.80",1286.80,1286.60,1286.80,1286.80,2.00
1/4/2019,"1,294.20",1294.20,1275.30,1282.70,1282.70,34.00
1/3/2019,"1,286.80",1292.00,1286.70,1291.80,1291.80,10.00
1/2/2019,"1,286.00",1286.00,1277.60,1281.00,1281.00,149.00
12/31/2018,"1,278.00",1281.30,1277.60,1278.30,1278.30,19.00
12/28/2018,"1,273.50",1280.10,1273.50,1279.90,1279.90,805.00
12/27/2018,"1,276.70",1277.30,1276.70,1277.30,1277.30,480.00
12/26/2018,"1,269.30",1277.40,1269.20,1269.20,1269.20,63.00
12/24/2018,"1,260.30",1268.50,1260.30,1267.50,1267.50,27.00
12/21/2018,"1,260.30",1261.30,1253.80,1253.80,1253.80,96.00
12/20/2018,"1,243.20",1263.60,1243.20,1263.60,1263.60,49.00
12/19/2018,"1,255.80",1255.80,1252.10,1252.10,1252.10,268.00
12/18/2018,"1,248.20",1249.20,1245.60,1249.20,1249.20,31.00
12/17/2018,"1,239.30",1247.40,1239.30,1247.40,1247.40,10.00
12/14/2018,"1,241.70",1241.70,1234.10,1237.00,1237.00,33.00
12/13/2018,"1,243.50",1243.50,1241.00,1242.70,1242.70,194.00
12/12/2018,"1,245.30",1245.60,1244.10,1244.40,1244.40,84.00
12/11/2018,"1,245.80",1248.70,1241.50,1241.90,1241.90,117.00
12/10/2018,"1,249.60",1249.60,1241.70,1243.70,1243.70,131.00
12/7/2018,"1,238.30",1249.80,1237.60,1246.80,1246.80,211.00
12/6/2018,"1,237.50",1244.40,1234.80,1238.10,1238.10,434.00
12/4/2018,"1,231.00",1241.40,1230.40,1241.10,1241.10,474.00
12/3/2018,"1,222.50",1234.10,1221.30,1233.90,1233.90,751.00
11/30/2018,"1,224.10",1225.00,1216.10,1220.20,1220.20,2060.00
11/29/2018,"1,221.00",1228.70,1220.50,1224.10,1224.10,55478.00
11/28/2018,"1,211.50",1221.40,1211.50,1221.40,1221.40,247168.00
11/27/2018,"1,221.90",1222.00,1211.20,1211.20,1211.20,5.00
11/26/2018,"1,220.20",1222.00,1220.20,1220.20,1220.20,2.00
11/23/2018,"1,224.80",1224.80,1221.00,1221.00,1221.00,1.00
11/21/2018,"1,225.80",1225.80,1225.80,1225.80,1225.80,-
11/20/2018,"1,225.30",1228.80,1219.00,1219.00,1219.00,12.00
11/19/2018,"1,223.10",1223.10,1223.10,1223.10,1223.10,-
11/16/2018,"1,216.70",1223.80,1216.70,1220.80,1220.80,5.00
11/15/2018,"1,212.80",1212.80,1212.80,1212.80,1212.80,-
11/14/2018,"1,207.90",1207.90,1207.90,1207.90,1207.90,-
11/13/2018,"1,196.30",1201.30,1196.30,1199.20,1199.20,5.00
11/12/2018,"1,201.60",1201.60,1201.30,1201.30,1201.30,1.00
11/9/2018,"1,207.90",1207.90,1206.40,1206.40,1206.40,14.00
11/8/2018,"1,222.90",1222.90,1222.90,1222.90,1222.90,2.00
11/7/2018,"1,228.60",1228.60,1226.20,1226.20,1226.20,1.00
11/6/2018,"1,230.70",1233.80,1223.80,1223.80,1223.80,4.00
11/5/2018,"1,230.60",1231.50,1226.70,1229.80,1229.80,15.00
11/2/2018,"1,233.30",1233.30,1230.90,1230.90,1230.90,18.00
11/1/2018,"1,215.40",1236.00,1215.40,1236.00,1236.00,14.00
10/31/2018,"1,216.00",1216.60,1212.00,1212.30,1212.30,121.00
10/30/2018,"1,227.70",1227.70,1219.80,1222.60,1222.60,72.00
10/29/2018,"1,224.50",1224.50,1224.50,1224.50,1224.50,214.00
10/26/2018,"1,234.30",1234.80,1232.50,1232.50,1232.50,20.00
10/25/2018,"1,238.60",1238.60,1229.10,1229.10,1229.10,7.00
10/24/2018,"1,231.60",1231.60,1227.80,1227.80,1227.80,36.00
10/23/2018,"1,224.80",1237.80,1224.80,1233.40,1233.40,33.00
10/22/2018,"1,224.50",1224.50,1219.60,1221.20,1221.20,18.00
10/19/2018,"1,225.30",1225.30,1225.30,1225.30,1225.30,55.00
10/18/2018,"1,226.50",1226.50,1226.50,1226.50,1226.50,165.00
10/17/2018,"1,225.90",1225.90,1223.70,1223.70,1223.70,1.00
10/16/2018,"1,227.10",1230.50,1227.10,1227.30,1227.30,426.00
10/15/2018,"1,222.40",1232.30,1222.40,1226.40,1226.40,136.00
10/12/2018,"1,221.60",1221.60,1216.00,1218.10,1218.10,122.00
10/11/2018,"1,198.10",1224.60,1196.30,1223.50,1223.50,126.00
10/10/2018,"1,189.30",1192.00,1189.30,1189.30,1189.30,1078.00
10/9/2018,"1,185.60",1189.10,1185.60,1187.20,1187.20,9.00
10/8/2018,"1,201.00",1201.00,1183.70,1184.40,1184.40,250.00
10/5/2018,"1,197.10",1205.30,1196.90,1201.20,1201.20,34.00
10/4/2018,"1,199.30",1204.60,1197.20,1197.20,1197.20,496.00
10/3/2018,"1,202.60",1202.60,1196.60,1198.30,1198.30,76.00
10/2/2018,"1,193.00",1206.00,1190.30,1202.40,1202.40,451.00
10/1/2018,"1,191.60",1191.60,1185.80,1187.10,1187.10,180.00
9/28/2018,"1,181.70",1191.90,1180.00,1191.50,1191.50,404.00
9/27/2018,"1,194.60",1197.30,1180.50,1182.30,1182.30,4947.00
9/26/2018,"1,194.00",1194.00,1194.00,1194.00,1194.00,17857.00
9/25/2018,"1,202.10",1202.80,1200.00,1200.00,1200.00,21.00
9/24/2018,"1,199.30",1199.30,1199.30,1199.30,1199.30,-
9/21/2018,"1,196.20",1196.20,1196.20,1196.20,1196.20,-
9/20/2018,"1,206.20",1206.20,1206.20,1206.20,1206.20,-
9/19/2018,"1,202.20",1202.20,1202.20,1202.20,1202.20,-
9/18/2018,"1,198.70",1198.70,1196.80,1196.80,1196.80,2.00
9/17/2018,"1,199.70",1199.70,1199.70,1199.70,1199.70,-
9/14/2018,"1,195.00",1195.00,1195.00,1195.00,1195.00,1.00
9/13/2018,"1,203.40",1203.40,1200.00,1202.00,1202.00,22.00
9/12/2018,"1,205.00",1205.00,1204.70,1204.70,1204.70,37.00
9/11/2018,"1,190.40",1196.30,1190.40,1195.40,1195.40,21.00
9/10/2018,"1,193.00",1193.00,1193.00,1193.00,1193.00,11.00
9/7/2018,"1,198.30",1198.30,1193.10,1193.60,1193.60,29.00
9/6/2018,"1,202.00",1202.00,1197.90,1197.90,1197.90,7.00
9/5/2018,"1,192.50",1196.00,1192.50,1194.90,1194.90,21.00
9/4/2018,"1,193.80",1193.80,1189.90,1192.70,1192.70,26.00
8/31/2018,"1,207.10",1208.20,1199.10,1200.30,1200.30,191.00
8/30/2018,"1,205.40",1205.60,1196.00,1197.70,1197.70,493.00
8/29/2018,"1,205.20",1205.20,1202.40,1204.50,1204.50,817.00
8/28/2018,"1,209.70",1217.00,1202.30,1207.40,1207.40,136.00
8/27/2018,"1,210.30",1211.40,1205.20,1209.00,1209.00,154.00
8/24/2018,"1,185.30",1208.00,1185.30,1206.30,1206.30,12.00
8/23/2018,"1,189.30",1190.30,1184.90,1187.00,1187.00,95.00
8/22/2018,"1,194.70",1196.30,1194.70,1196.30,1196.30,17.00
8/21/2018,"1,189.80",1192.60,1189.80,1192.60,1192.60,22.00
8/20/2018,"1,184.80",1190.00,1184.40,1186.80,1186.80,68.00
8/17/2018,"1,174.70",1181.20,1174.70,1176.50,1176.50,66.00
8/16/2018,"1,173.20",1180.20,1161.40,1176.20,1176.20,123.00
8/15/2018,"1,187.80",1188.10,1174.60,1177.50,1177.50,71.00
8/14/2018,"1,193.10",1197.50,1192.80,1193.00,1193.00,92.00
8/13/2018,"1,207.00",1207.40,1191.30,1191.30,1191.30,78.00
8/10/2018,"1,212.50",1216.40,1205.60,1211.10,1211.10,75.00
8/9/2018,"1,214.50",1215.30,1211.60,1211.90,1211.90,44.00
"Aug 08, 2018","1,212.00","1,215.20","1,205.90","1,212.60","1,212.60",209
"Aug 07, 2018","1,207.80","1,214.80","1,207.80","1,209.60","1,209.60",715
"Aug 06, 2018","1,214.40","1,214.40","1,206.60","1,208.60","1,208.60",297
"Aug 03, 2018","1,206.50","1,218.60","1,205.10","1,214.20","1,214.20",784
"Aug 02, 2018","1,214.70","1,219.30","1,205.80","1,210.60","1,210.60",411
"Aug 01, 2018","1,222.90","1,223.70","1,214.40","1,217.90","1,217.90","1,026"
"Jul 31, 2018","1,220.40","1,228.10","1,213.00","1,223.70","1,223.70","2,722"
"Jul 30, 2018","1,222.50","1,223.90","1,218.10","1,221.30","1,221.30","62,239"
"Jul 27, 2018","1,222.60","1,222.60","1,222.60","1,222.60","1,222.60","254,428"
"Jul 26, 2018","1,227.80","1,227.80","1,225.30","1,225.30","1,225.30",1
"Jul 25, 2018","1,231.40","1,231.40","1,231.40","1,231.40","1,231.40",-
"Jul 24, 2018","1,223.90","1,223.90","1,223.90","1,223.90","1,223.90",-
"Jul 23, 2018","1,222.00","1,224.00","1,222.00","1,224.00","1,224.00",1
"Jul 20, 2018","1,229.50","1,229.50","1,229.50","1,229.50","1,229.50",-
"Jul 19, 2018","1,227.20","1,228.00","1,211.70","1,222.40","1,222.40",33
"Jul 18, 2018","1,226.70","1,226.70","1,222.20","1,226.30","1,226.30",67
"Jul 17, 2018","1,225.70","1,225.70","1,225.70","1,225.70","1,225.70",-
"Jul 16, 2018","1,242.70","1,243.80","1,238.10","1,238.10","1,238.10",2
"Jul 13, 2018","1,244.70","1,247.00","1,239.60","1,239.60","1,239.60",2
"Jul 12, 2018","1,240.90","1,246.70","1,240.90","1,245.00","1,245.00",7
"Jul 11, 2018","1,253.20","1,253.20","1,242.80","1,242.80","1,242.80",30
"Jul 10, 2018","1,256.20","1,256.90","1,249.30","1,253.80","1,253.80",65
"Jul 09, 2018","1,258.20","1,262.30","1,257.70","1,258.10","1,258.10",37
"Jul 06, 2018","1,255.50","1,255.50","1,254.30","1,254.30","1,254.30",7
"Jul 05, 2018","1,255.50","1,257.30","1,253.60","1,257.30","1,257.30",9
"Jul 03, 2018","1,238.10","1,254.10","1,237.00","1,251.60","1,251.60",36
"Jul 02, 2018","1,249.90","1,249.90","1,239.80","1,239.80","1,239.80",29
"Jun 29, 2018","1,250.30","1,253.30","1,249.10","1,251.30","1,251.30",48
"Jun 28, 2018","1,251.70","1,251.70","1,244.80","1,247.80","1,247.80",378
"Jun 27, 2018","1,255.50","1,255.50","1,252.30","1,252.80","1,252.80","1,162"
"Jun 26, 2018","1,267.20","1,267.20","1,256.60","1,256.60","1,256.60",89
"Jun 25, 2018","1,270.60","1,271.20","1,265.60","1,265.60","1,265.60",37
"Jun 22, 2018","1,268.10","1,270.20","1,267.00","1,267.40","1,267.40",74
"Jun 21, 2018","1,262.70","1,268.90","1,260.00","1,267.20","1,267.20",46
"Jun 20, 2018","1,274.40","1,274.40","1,271.20","1,271.20","1,271.20",7
"Jun 19, 2018","1,278.70","1,281.80","1,269.90","1,275.60","1,275.60",34
"Jun 18, 2018","1,280.70","1,280.70","1,276.20","1,276.20","1,276.20",35
"Jun 15, 2018","1,297.20","1,307.70","1,274.00","1,274.60","1,274.60",589
"Jun 14, 2018","1,297.20","1,307.70","1,297.20","1,304.00","1,304.00",42
"Jun 13, 2018","1,294.00","1,299.40","1,290.90","1,296.90","1,296.90",135
"Jun 12, 2018","1,297.80","1,298.10","1,292.70","1,295.10","1,295.10",153
"Jun 11, 2018","1,299.30","1,302.00","1,295.20","1,298.90","1,298.90",71
"Jun 08, 2018","1,295.30","1,299.40","1,294.80","1,298.10","1,298.10",650
"Jun 07, 2018","1,298.40","1,302.80","1,296.20","1,298.70","1,298.70",79
"Jun 06, 2018","1,296.10","1,300.40","1,294.10","1,297.10","1,297.10",373
"Jun 05, 2018","1,292.10","1,299.80","1,289.90","1,297.50","1,297.50",357
"Jun 04, 2018","1,293.90","1,297.10","1,290.00","1,293.10","1,293.10",144
"Jun 01, 2018","1,298.60","1,299.50","1,288.90","1,294.80","1,294.80",663
"May 31, 2018","1,301.00","1,306.80","1,296.60","1,300.10","1,300.10","4,082"
"May 30, 2018","1,298.00","1,303.70","1,295.20","1,301.50","1,301.50","50,845"
"May 29, 2018","1,298.70","1,298.70","1,298.70","1,298.70","1,298.70","386,334"
"May 25, 2018","1,303.30","1,303.30","1,303.30","1,303.30","1,303.30",1
"May 24, 2018","1,303.70","1,303.70","1,303.70","1,303.70","1,303.70",-
"May 23, 2018","1,289.30","1,289.30","1,289.30","1,289.30","1,289.30",10
"May 22, 2018","1,291.70","1,291.70","1,291.70","1,291.70","1,291.70",50
"May 21, 2018","1,287.40","1,292.10","1,287.40","1,290.20","1,290.20",52
"May 18, 2018","1,285.20","1,290.20","1,285.20","1,290.20","1,290.20",2
"May 17, 2018","1,291.30","1,291.30","1,288.20","1,288.20","1,288.20",2
"May 16, 2018","1,290.90","1,294.00","1,285.40","1,290.20","1,290.20",26
"May 15, 2018","1,304.60","1,304.70","1,288.90","1,288.90","1,288.90",8
"May 14, 2018","1,319.90","1,319.90","1,316.50","1,316.50","1,316.50",4
"May 11, 2018","1,319.00","1,319.00","1,319.00","1,319.00","1,319.00",3
"May 10, 2018","1,312.20","1,320.80","1,312.20","1,320.80","1,320.80",8
"May 09, 2018","1,311.30","1,311.30","1,311.30","1,311.30","1,311.30",70
"May 08, 2018","1,310.10","1,312.00","1,308.50","1,312.00","1,312.00",337
"May 07, 2018","1,310.60","1,312.50","1,310.20","1,312.20","1,312.20",4
"May 04, 2018","1,312.70","1,312.70","1,312.70","1,312.70","1,312.70",-
"May 03, 2018","1,310.70","1,310.70","1,310.70","1,310.70","1,310.70",4
"May 02, 2018","1,309.00","1,309.30","1,302.60","1,302.60","1,302.60",23
"May 01, 2018","1,313.20","1,313.80","1,303.40","1,303.80","1,303.80",28
"Apr 30, 2018","1,309.60","1,316.20","1,309.60","1,316.20","1,316.20",49
"Apr 27, 2018","1,315.30","1,321.70","1,312.80","1,320.30","1,320.30",622
"Apr 26, 2018","1,315.70","1,316.30","1,315.70","1,316.30","1,316.30",569
"Apr 25, 2018","1,324.00","1,325.00","1,320.00","1,321.20","1,321.20",278
"Apr 24, 2018","1,326.40","1,331.70","1,326.20","1,331.40","1,331.40",28
"Apr 23, 2018","1,334.00","1,334.40","1,322.50","1,322.50","1,322.50",68
"Apr 20, 2018","1,342.50","1,343.40","1,335.30","1,336.70","1,336.70",310
"Apr 19, 2018","1,348.60","1,355.20","1,341.60","1,346.80","1,346.80",387
"Apr 18, 2018","1,343.50","1,354.20","1,343.50","1,351.20","1,351.20",45
"Apr 17, 2018","1,348.00","1,348.10","1,339.00","1,347.20","1,347.20",409
"Apr 16, 2018","1,341.00","1,348.80","1,341.00","1,347.50","1,347.50",60
"Apr 13, 2018","1,335.90","1,346.00","1,335.90","1,344.80","1,344.80",67
"Apr 12, 2018","1,351.20","1,351.50","1,334.60","1,338.40","1,338.40",34
"Apr 11, 2018","1,340.10","1,365.40","1,340.10","1,356.50","1,356.50",118
"Apr 10, 2018","1,335.20","1,342.00","1,333.00","1,342.00","1,342.00",105
"Apr 09, 2018","1,333.00","1,337.50","1,327.00","1,336.30","1,336.30",290
"Apr 06, 2018","1,326.50","1,333.00","1,319.00","1,331.90","1,331.90",348
"Apr 05, 2018","1,333.50","1,333.70","1,322.60","1,324.30","1,324.30",258
"Apr 04, 2018","1,331.80","1,347.30","1,331.60","1,335.80","1,335.80",718
"Apr 03, 2018","1,340.40","1,341.50","1,328.50","1,332.80","1,332.80",702
"Apr 02, 2018","1,327.00","1,344.20","1,324.70","1,342.10","1,342.10",649