Week,Next Week Bitcoin Signal,Hash Rate (TH/s) 3-Week Moving Average,Normalized Bitcoin Week Close,Normalized NASDAQ Week Close,Events Sentiment,Number of Major Events,Growth Rate (B/s),Number of Unique Addresses,Average Block Size (MB),Inflation Rate (%),GDP Growth Rate (%),Unemployment Rate (%),Interest Rate (%),Stock Index Value
2017-08-21/2017-08-27,0,-0.3631590736692747,0.7619386030580532,-0.21060980516802172,-0.08039458017304148,6.238817842841723,0.43526231012614836,-1.717054414417017,0.5756694788133286,0.5585234708106405,0.12557519458059954,-0.8664890668175483,1.7215185490704956,1.4678284087345903
2017-08-28/2017-09-03,-1,-0.3631590736692747,0.7332085582453765,0.7466186015742279,3.601677191752257,3.0137855945104484,-0.4786930620170897,0.5823927253578187,0.5756694788133286,0.5585234708106405,0.12557519458059954,-0.8664890668175483,1.7215185490704956,1.4678284087345903
2017-09-04/2017-09-10,-1,1.6652172158493577,-1.1067094930271912,-1.4047732104603208,-0.08039458017304148,-0.2112466538208258,0.5584690346118883,0.5823927253578187,-1.7371079009805703,0.5585234708106405,0.12557519458059954,-0.8664890668175483,1.7215185490704956,1.4678284087345903
2017-09-11/2017-09-17,1,-0.3631590736692747,-1.0008056333748536,0.02708756118902805,-0.08039458017304148,-0.2112466538208258,0.37018255019613594,0.5823927253578187,0.5756694788133286,0.5585234708106405,0.12557519458059954,-0.8664890668175483,1.7215185490704956,1.4678284087345903
2017-09-18/2017-09-24,-1,-0.3631590736692747,-1.5354078334735168,-1.1372884050659777,-0.08039458017304148,-0.2112466538208258,0.6801233928803483,-1.717054414417017,0.5756694788133286,0.5585234708106405,0.12557519458059954,-0.8664890668175483,1.7215185490704956,1.4678284087345903
2017-09-25/2017-10-01,-1,-2.3915353631879066,0.7910460794404961,0.9319253269361838,-0.08039458017304148,-0.2112466538208258,-1.2843476628067143,0.5823927253578187,0.5756694788133286,0.2979608746427626,-1.3398209867781417,-0.21658545293372328,-1.0553374330909793,1.0531505221242845
2017-10-02/2017-10-08,1,-0.3631590736692747,0.525628757816396,0.8591290392088734,-0.08039458017304148,-0.2112466538208258,-0.1975640779022322,0.5823927253578187,-1.7371079009805703,0.2979608746427626,-1.3398209867781417,-0.21658545293372328,-1.0553374330909793,1.0531505221242845
2017-10-09/2017-10-15,-1,-2.3915353631879066,0.9739960408265499,0.8287058880599781,-0.08039458017304148,-0.2112466538208258,1.1225269879162203,0.5823927253578187,0.5756694788133286,0.2979608746427626,-1.3398209867781417,-0.21658545293372328,-1.0553374330909793,1.0531505221242845
2017-10-16/2017-10-22,-1,-0.3631590736692747,0.09402955282523212,0.577149129243228,-0.08039458017304148,-0.2112466538208258,-0.37824927313083456,-1.717054414417017,0.5756694788133286,0.2979608746427626,-1.3398209867781417,-0.21658545293372328,-1.0553374330909793,1.0531505221242845
2017-10-23/2017-10-29,-1,-0.3631590736692747,-0.19536032360110858,1.398625203906165,-0.08039458017304148,-0.2112466538208258,1.6210068622243665,0.5823927253578187,0.5756694788133286,0.2979608746427626,-1.3398209867781417,-0.21658545293372328,-1.0553374330909793,1.0531505221242845
2017-10-30/2017-11-05,-1,1.6652172158493577,1.1811166066570609,1.3166962231058463,-0.08039458017304148,-0.2112466538208258,1.355111574269266,0.5823927253578187,-1.7371079009805703,-1.0964785136402766,-0.1433048386962336,-1.2558181185309716,0.8128002290654066,1.2908426608460293
2017-11-06/2017-11-12,-1,-0.3631590736692747,-1.966965611621649,-1.133190563430268,-0.08039458017304148,-0.2112466538208258,-1.693807462305051,0.5823927253578187,0.5756694788133286,-1.0964785136402766,-0.1433048386962336,-1.2558181185309716,0.8128002290654066,1.2908426608460293
2017-11-13/2017-11-19,1,-0.3631590736692747,0.6676889300928133,0.5121274686870754,-0.08039458017304148,-0.2112466538208258,1.3437142169758491,-1.717054414417017,0.5756694788133286,-1.0964785136402766,-0.1433048386962336,-1.2558181185309716,0.8128002290654066,1.2908426608460293
2017-11-20/2017-11-26,0,-0.3631590736692747,0.8138655497368587,0.5902286827363971,-0.08039458017304148,-0.2112466538208258,1.8876778918112394,0.5823927253578187,0.5756694788133286,-1.0964785136402766,-0.1433048386962336,-1.2558181185309716,0.8128002290654066,1.2908426608460293
2017-11-27/2017-12-03,-1,1.6652172158493577,0.9181900323118803,-0.7869244481293547,-0.08039458017304148,-0.2112466538208258,-0.6890631229643297,0.5823927253578187,-1.7371079009805703,0.2177877681295693,-1.2484017754640184,1.2119762643769483,0.6099961404805796,1.6011194285142847
2017-12-04/2017-12-10,-1,-0.3631590736692747,-0.5434455808228625,1.1508231015388735,-0.08039458017304148,-0.2112466538208258,-1.5999303104768534,0.5823927253578187,0.5756694788133286,0.2177877681295693,-1.2484017754640184,1.2119762643769483,0.6099961404805796,1.6011194285142847
2017-12-11/2017-12-17,-1,-0.3631590736692747,1.5262269966465598,1.413467159912902,-0.08039458017304148,-0.2112466538208258,0.07091312881915315,-1.717054414417017,0.5756694788133286,0.2177877681295693,-1.2484017754640184,1.2119762643769483,0.6099961404805796,1.6011194285142847
2017-12-18/2017-12-24,0,-0.3631590736692747,-1.3421570358868726,-0.8101553588679636,-0.08039458017304148,-0.2112466538208258,1.3495114227741616,0.5823927253578187,0.5756694788133286,0.2177877681295693,-1.2484017754640184,1.2119762643769483,0.6099961404805796,1.6011194285142847
2017-12-25/2017-12-31,-1,1.6652172158493577,-1.3692633790993385,-1.5815577611836331,-0.08039458017304148,-0.2112466538208258,0.3695012209683899,0.5823927253578187,-1.7371079009805703,0.2177877681295693,-1.2484017754640184,1.2119762643769483,0.6099961404805796,1.6011194285142847
2018-01-01/2018-01-07,-1,-0.3631590736692747,1.1237823817523105,0.9313463672306477,-0.08039458017304148,-0.2112466538208258,-0.11195299164788965,0.5823927253578187,0.5756694788133286,0.2177877681295693,-1.2484017754640184,1.2119762643769483,0.6099961404805796,1.6011194285142847
2018-01-08/2018-01-14,-1,-0.3631590736692747,-0.613020115349256,1.2378887809398977,-0.08039458017304148,-0.2112466538208258,0.2324449899855764,-1.717054414417017,0.5756694788133286,0.2177877681295693,-1.2484017754640184,1.2119762643769483,0.6099961404805796,1.6011194285142847
2018-01-15/2018-01-21,1,-0.3631590736692747,0.49393114748358097,0.7379574478613694,-0.08039458017304148,-0.2112466538208258,-0.4220285152145521,0.5823927253578187,0.5756694788133286,0.2177877681295693,-1.2484017754640184,1.2119762643769483,0.6099961404805796,1.6011194285142847
2018-01-22/2018-01-28,-1,1.6652172158493577,1.2791008673727347,1.2421600760112692,-0.08039458017304148,-0.2112466538208258,-0.5086077545069684,0.5823927253578187,-1.7371079009805703,0.2177877681295693,-1.2484017754640184,1.2119762643769483,0.6099961404805796,1.6011194285142847
2018-01-29/2018-02-04,-1,-0.3631590736692747,-0.4707747556172738,-1.8055400035448088,-0.08039458017304148,-0.2112466538208258,0.41107927568378666,0.5823927253578187,0.5756694788133286,-1.4314875658561197,-0.10835043437024527,0.8103848803260948,-1.0514373544643478,-0.08990737115075025
2018-02-05/2018-02-11,1,-0.3631590736692747,0.4215372195943072,-0.8033862885718582,-0.08039458017304148,-0.2112466538208258,1.5906480594863295,-1.717054414417017,0.5756694788133286,-1.4314875658561197,-0.10835043437024527,0.8103848803260948,-1.0514373544643478,-0.08990737115075025
2018-02-12/2018-02-18,-1,-0.3631590736692747,1.3165801933613217,0.6212414213733789,-0.08039458017304148,-0.2112466538208258,-1.8037064149274837,0.5823927253578187,0.5756694788133286,-1.4314875658561197,-0.10835043437024527,0.8103848803260948,-1.0514373544643478,-0.08990737115075025
2018-02-19/2018-02-25,-1,1.6652172158493577,-1.2758085601880476,1.176568969180355,-0.08039458017304148,-0.2112466538208258,-0.5489066239235108,0.5823927253578187,-1.7371079009805703,-1.4314875658561197,-0.10835043437024527,0.8103848803260948,-1.0514373544643478,-0.08990737115075025
2018-02-26/2018-03-04,-1,-0.3631590736692747,0.5879042478076146,-0.5913515120025352,-0.08039458017304148,-0.2112466538208258,0.40914513474358327,0.5823927253578187,0.5756694788133286,-1.4314875658561197,-0.10835043437024527,0.8103848803260948,-1.0514373544643478,-0.08990737115075025
2018-03-05/2018-03-11,1,-0.3631590736692747,-1.3349822048232034,1.3250584697125098,-0.08039458017304148,-0.2112466538208258,0.7905664160431121,-1.717054414417017,0.5756694788133286,-1.4314875658561197,-0.10835043437024527,0.8103848803260948,-1.0514373544643478,-0.08990737115075025
2018-03-12/2018-03-18,-1,-0.3631590736692747,-1.541189830217982,-0.8642768187494557,-0.08039458017304148,-0.2112466538208258,-0.8984145781664564,0.5823927253578187,0.5756694788133286,-1.4314875658561197,-0.10835043437024527,0.8103848803260948,-1.0514373544643478,-0.08990737115075025
2018-03-19/2018-03-25,1,1.6652172158493577,-0.7801931766839681,-1.6933188400919732,-0.08039458017304148,-0.2112466538208258,-0.535597638768514,0.5823927253578187,-1.7371079009805703,-1.4314875658561197,-0.10835043437024527,0.8103848803260948,-1.0514373544643478,-0.08990737115075025
2018-03-26/2018-04-01,-1,-0.3631590736692747,-0.925928825190266,-1.6933188400919732,-0.08039458017304148,-0.2112466538208258,0.5540219039405546,0.5823927253578187,0.5756694788133286,0.4554437624365349,0.7224888684551695,0.6417778106864229,0.547594882454479,0.5973776148164792
2018-04-02/2018-04-08,-1,-0.3631590736692747,-0.37672567044377997,-0.8103478488703916,-0.08039458017304148,-0.2112466538208258,0.19093729197898232,-1.717054414417017,0.5756694788133286,0.4554437624365349,0.7224888684551695,0.6417778106864229,0.547594882454479,0.5973776148164792
2018-04-09/2018-04-15,0,-0.3631590736692747,1.0708992914863555,0.2259238860076961,-0.08039458017304148,-0.2112466538208258,-0.8210268416520979,0.5823927253578187,0.5756694788133286,0.4554437624365349,0.7224888684551695,0.6417778106864229,0.547594882454479,0.5973776148164792
2018-04-16/2018-04-22,1,-0.3631590736692747,1.1406936125726184,-1.2806411569934257,3.601677191752257,3.0137855945104484,-0.24063072210290976,0.5823927253578187,-1.7371079009805703,0.4554437624365349,0.7224888684551695,0.6417778106864229,0.547594882454479,0.5973776148164792
2018-04-23/2018-04-29,-1,-2.3915353631879066,1.8210062949822279,0.4288119116230101,-0.08039458017304148,-0.2112466538208258,1.467160873165066,0.5823927253578187,0.5756694788133286,0.4554437624365349,0.7224888684551695,0.6417778106864229,0.547594882454479,0.5973776148164792
2018-04-30/2018-05-06,-1,-2.3915353631879066,1.3489617035976704,1.3154822804278967,-0.08039458017304148,-0.2112466538208258,-0.9382207786234211,-1.717054414417017,0.5756694788133286,0.4554437624365349,0.7224888684551695,0.6417778106864229,0.547594882454479,0.5973776148164792
2018-05-07/2018-05-13,-1,-0.3631590736692747,-1.4239883865634846,0.6951235020413585,-0.08039458017304148,-0.2112466538208258,-1.3371079242210588,0.5823927253578187,0.5756694788133286,0.4554437624365349,0.7224888684551695,0.6417778106864229,0.547594882454479,0.5973776148164792
2018-05-14/2018-05-20,1,1.6652172158493577,-0.41888384405436757,-1.131463307487442,-0.08039458017304148,-0.2112466538208258,0.022244428237965526,0.5823927253578187,-1.7371079009805703,0.4554437624365349,0.7224888684551695,0.6417778106864229,0.547594882454479,0.5973776148164792
2018-05-21/2018-05-27,-1,-0.3631590736692747,-1.216972091176491,0.6706301370887848,-0.08039458017304148,-0.2112466538208258,1.3090714818066533,0.5823927253578187,0.5756694788133286,0.4554437624365349,0.7224888684551695,0.6417778106864229,0.547594882454479,0.5973776148164792
2018-05-28/2018-06-03,-1,-0.3631590736692747,0.9204362148141553,1.0689157260211857,-0.08039458017304148,-0.2112466538208258,-1.2139308175973003,-1.717054414417017,0.5756694788133286,0.4554437624365349,0.7224888684551695,0.6417778106864229,0.547594882454479,0.5973776148164792
2018-06-04/2018-06-10,-1,-0.3631590736692747,-0.6472092189819698,-0.13884382323703515,-0.08039458017304148,-0.2112466538208258,0.8945198281581798,0.5823927253578187,0.5756694788133286,0.4554437624365349,0.7224888684551695,0.6417778106864229,0.547594882454479,0.5973776148164792
2018-06-11/2018-06-17,1,1.6652172158493577,-0.188727672814507,0.5448266708479954,-0.08039458017304148,-0.2112466538208258,-1.6842648504100894,0.5823927253578187,-1.7371079009805703,0.4554437624365349,0.7224888684551695,0.6417778106864229,0.547594882454479,0.5973776148164792
2018-06-18/2018-06-24,-1,-0.3631590736692747,-1.8868141393137807,-1.3161153625988715,-0.08039458017304148,-0.2112466538208258,1.9487021661117236,0.5823927253578187,0.5756694788133286,0.4554437624365349,0.7224888684551695,0.6417778106864229,0.547594882454479,0.5973776148164792
2018-06-25/2018-07-01,1,-0.3631590736692747,0.9661837895270042,-0.22920177993571625,-0.08039458017304148,-0.2112466538208258,-2.2740295194443476,-1.717054414417017,0.5756694788133286,0.4554437624365349,0.7224888684551695,0.6417778106864229,0.547594882454479,0.5973776148164792
2018-07-02/2018-07-08,-1,-0.3631590736692747,1.3412837096121948,1.0332212852541456,-0.08039458017304148,-0.2112466538208258,1.3031667430258242,0.5823927253578187,0.5756694788133286,0.4554437624365349,0.7224888684551695,0.6417778106864229,0.547594882454479,0.5973776148164792
2018-07-09/2018-07-15,-1,1.6652172158493577,-0.7206479689398734,0.767063230163979,-0.08039458017304148,-0.2112466538208258,1.691957016939772,0.5823927253578187,-1.7371079009805703,0.4554437624365349,0.7224888684551695,0.6417778106864229,0.547594882454479,0.5973776148164792
2018-07-16/2018-07-22,0,-0.3631590736692747,0.20177825184361753,-0.7419441100650426,-0.08039458017304148,-0.2112466538208258,1.8554118792263634,0.5823927253578187,0.5756694788133286,0.4554437624365349,0.7224888684551695,0.6417778106864229,0.547594882454479,0.5973776148164792
2018-07-23/2018-07-29,-1,-0.3631590736692747,0.23443048200655212,-1.6397863492027722,-0.08039458017304148,-0.2112466538208258,-1.4367796910711719,-1.717054414417017,0.5756694788133286,0.4554437624365349,0.7224888684551695,0.6417778106864229,0.547594882454479,0.5973776148164792
2018-07-30/2018-08-05,-1,-0.3631590736692747,-1.5952139829913734,0.8059445103794401,-0.08039458017304148,-0.2112466538208258,-0.030880416542724356,0.5823927253578187,0.5756694788133286,-1.3427244836450842,1.5640833726116574,0.9483361191221895,-0.821332715493102,0.37590218696598987
2018-08-06/2018-08-12,-1,1.6652172158493577,-0.800885127595631,-1.6301070053540896,-0.08039458017304148,-0.2112466538208258,-1.3379869583868875,0.5823927253578187,-1.7371079009805703,-1.3427244836450842,1.5640833726116574,0.9483361191221895,-0.821332715493102,0.37590218696598987
2018-08-13/2018-08-19,1,-0.3631590736692747,0.009436001059455267,-0.25609913710745585,-0.08039458017304148,-0.2112466538208258,2.331899302151216,0.5823927253578187,0.5756694788133286,-1.3427244836450842,1.5640833726116574,0.9483361191221895,-0.821332715493102,0.37590218696598987
2018-08-20/2018-08-26,1,-0.3631590736692747,0.2730898512954658,1.1708674203948235,-0.08039458017304148,-0.2112466538208258,-0.3310637258924017,-1.717054414417017,0.5756694788133286,-1.3427244836450842,1.5640833726116574,0.9483361191221895,-0.821332715493102,0.37590218696598987
2018-08-27/2018-09-02,-1,-0.3631590736692747,1.5267505831379946,0.6017500943487373,-0.08039458017304148,-0.2112466538208258,0.411345704599511,0.5823927253578187,0.5756694788133286,-1.3427244836450842,1.5640833726116574,0.9483361191221895,-0.821332715493102,0.37590218696598987
2018-09-03/2018-09-09,-1,1.6652172158493577,-1.2562225960734885,-1.0604484532431269,-0.08039458017304148,-0.2112466538208258,-0.5242147635144847,0.5823927253578187,-1.7371079009805703,-1.3427244836450842,1.5640833726116574,0.9483361191221895,-0.821332715493102,0.37590218696598987
2018-09-10/2018-09-16,1,-0.3631590736692747,0.25690946108703416,0.6537847349174668,-0.08039458017304148,-0.2112466538208258,-0.8625145999686015,0.5823927253578187,0.5756694788133286,-1.3427244836450842,1.5640833726116574,0.9483361191221895,-0.821332715493102,0.37590218696598987
2018-09-17/2018-09-23,-1,-0.3631590736692747,1.075048491390493,0.2321773228947572,-0.08039458017304148,-0.2112466538208258,0.5361205736314206,-1.717054414417017,0.5756694788133286,-1.3427244836450842,1.5640833726116574,0.9483361191221895,-0.821332715493102,0.37590218696598987
2018-09-24/2018-09-30,-1,-0.3631590736692747,0.07421754726966862,0.8589597968053492,-0.08039458017304148,-0.2112466538208258,1.6277719832209632,0.5823927253578187,0.5756694788133286,-1.3427244836450842,1.5640833726116574,0.9483361191221895,-0.821332715493102,0.37590218696598987
2018-10-01/2018-10-07,-1,1.6652172158493577,0.05626205561206336,-1.6052478188354775,-0.08039458017304148,-0.2112466538208258,-1.2126266054641472,0.5823927253578187,-1.7371079009805703,-1.3427244836450842,1.5640833726116574,0.9483361191221895,-0.821332715493102,0.37590218696598987
2018-10-08/2018-10-14,1,-0.3631590736692747,-0.4278113371338246,-0.46642894810968905,-0.08039458017304148,-0.2112466538208258,-1.7865575059814889,0.5823927253578187,0.5756694788133286,-1.3427244836450842,1.5640833726116574,0.9483361191221895,-0.821332715493102,0.37590218696598987
2018-10-15/2018-10-21,1,-0.3631590736692747,-0.7925533169137123,-0.957180676289517,-0.08039458017304148,-0.2112466538208258,1.9505853621197162,-1.717054414417017,0.5756694788133286,-1.3427244836450842,1.5640833726116574,0.9483361191221895,-0.821332715493102,0.37590218696598987
2018-10-22/2018-10-28,-1,-0.3631590736692747,-1.2520923427044113,-1.0118176607965332,-0.08039458017304148,-0.2112466538208258,-1.475769829437979,0.5823927253578187,0.5756694788133286,-1.3427244836450842,1.5640833726116574,0.9483361191221895,-0.821332715493102,0.37590218696598987
2018-10-29/2018-11-04,1,1.6652172158493577,-0.9944483288416387,0.3600896509115823,-0.08039458017304148,-0.2112466538208258,-0.7447629093126981,0.5823927253578187,-1.7371079009805703,-1.3427244836450842,1.5640833726116574,0.9483361191221895,-0.821332715493102,0.37590218696598987
2018-11-05/2018-11-11,-1,-0.3631590736692747,-1.243025325368803,-0.5512681049673333,-0.08039458017304148,-0.2112466538208258,1.2476387067539103,0.5823927253578187,0.5756694788133286,-1.3427244836450842,1.5640833726116574,0.9483361191221895,-0.821332715493102,0.37590218696598987
2018-11-12/2018-11-18,1,-0.3631590736692747,-0.5164480856536452,0.5349515119273351,-0.08039458017304148,-0.2112466538208258,0.25660314861404426,-1.717054414417017,0.5756694788133286,-1.3427244836450842,1.5640833726116574,0.9483361191221895,-0.821332715493102,0.37590218696598987
2018-11-19/2018-11-25,-1,-0.3631590736692747,-2.081686086222567,-0.6518634333241136,-0.08039458017304148,-0.2112466538208258,0.06477938425887342,0.5823927253578187,0.5756694788133286,-1.3427244836450842,1.5640833726116574,0.9483361191221895,-0.821332715493102,0.37590218696598987
2018-11-26/2018-12-02,-1,1.6652172158493577,0.6334670927449334,0.711005525131711,-0.08039458017304148,-0.2112466538208258,0.3174378248794602,0.5823927253578187,-1.7371079009805703,0.11184473452284992,-0.8773473295419884,1.1230743549305764,-0.3338228871641914,-0.542327054908476
2018-12-03/2018-12-09,-1,-0.3631590736692747,-1.1796528240727573,-1.2985566454773374,-0.08039458017304148,-0.2112466538208258,0.4106791806855852,0.5823927253578187,0.5756694788133286,0.11184473452284992,-0.8773473295419884,1.1230743549305764,-0.3338228871641914,-0.542327054908476
2018-12-10/2018-12-16,-1,-0.3631590736692747,-1.0774580806117928,-1.7525456608614467,-0.08039458017304148,-0.2112466538208258,-1.390137080747715,-1.717054414417017,0.5756694788133286,0.11184473452284992,-0.8773473295419884,1.1230743549305764,-0.3338228871641914,-0.542327054908476
2018-12-17/2018-12-23,-1,-0.3631590736692747,0.6945603771468716,-1.6381349562057645,-0.08039458017304148,-0.2112466538208258,1.6372977639469437,0.5823927253578187,0.5756694788133286,0.11184473452284992,-0.8773473295419884,1.1230743549305764,-0.3338228871641914,-0.542327054908476
2018-12-24/2018-12-30,-1,1.6652172158493577,0.05178151860994726,0.30706323128857294,-0.08039458017304148,-0.2112466538208258,-1.0867560350619738,0.5823927253578187,-1.7371079009805703,0.11184473452284992,-0.8773473295419884,1.1230743549305764,-0.3338228871641914,-0.542327054908476
2018-12-31/2019-01-06,1,-0.3631590736692747,-0.6072536874028054,0.6936018828163849,-0.08039458017304148,-0.2112466538208258,0.7310745965579698,0.5823927253578187,0.5756694788133286,0.11184473452284992,-0.8773473295419884,1.1230743549305764,-0.3338228871641914,-0.542327054908476
2019-01-07/2019-01-13,-1,-0.3631590736692747,-0.8989564657899789,0.4042079172711735,-0.08039458017304148,-0.2112466538208258,-0.339022408934759,-1.717054414417017,0.5756694788133286,0.11184473452284992,-0.8773473295419884,1.1230743549305764,-0.3338228871641914,-0.542327054908476
2019-01-14/2019-01-20,-1,-0.3631590736692747,1.9655305482802037,0.9686125655164167,-0.08039458017304148,-0.2112466538208258,-1.52725849517023,0.5823927253578187,0.5756694788133286,0.11184473452284992,-0.8773473295419884,1.1230743549305764,-0.3338228871641914,-0.542327054908476
2019-01-21/2019-01-27,1,1.6652172158493577,0.5751307212209594,1.1038490891789812,-0.08039458017304148,-0.2112466538208258,0.7377234718835379,0.5823927253578187,-1.7371079009805703,0.11184473452284992,-0.8773473295419884,1.1230743549305764,-0.3338228871641914,-0.542327054908476
2019-01-28/2019-02-03,0,-0.3631590736692747,1.2857815704922149,0.5951713116285909,-0.08039458017304148,-0.2112466538208258,-0.1584569044588005,0.5823927253578187,0.5756694788133286,0.11184473452284992,-0.8773473295419884,1.1230743549305764,-0.3338228871641914,-0.542327054908476
2019-02-04/2019-02-10,-1,-0.3631590736692747,1.2954196632924413,-1.079119018044825,-0.08039458017304148,-0.2112466538208258,0.7195527232007424,-1.717054414417017,0.5756694788133286,0.11184473452284992,-0.8773473295419884,1.1230743549305764,-0.3338228871641914,-0.542327054908476
2019-02-11/2019-02-17,-1,-0.3631590736692747,-0.11583387669356525,0.7749033931074457,-3.76246635209834,3.0137855945104484,0.19757674892473936,0.5823927253578187,0.5756694788133286,0.11184473452284992,-0.8773473295419884,1.1230743549305764,-0.3338228871641914,-0.542327054908476
2019-02-18/2019-02-24,-1,1.6652172158493577,2.2857905595862227,1.0245988900228595,-0.08039458017304148,-0.2112466538208258,0.12093157637633828,0.5823927253578187,-1.7371079009805703,0.11184473452284992,-0.8773473295419884,1.1230743549305764,-0.3338228871641914,-0.542327054908476
2019-02-25/2019-03-03,1,-0.3631590736692747,0.38603218645605447,1.337175461290758,-0.08039458017304148,-0.2112466538208258,0.18983370609220251,0.5823927253578187,0.5756694788133286,0.11184473452284992,-0.8773473295419884,1.1230743549305764,-0.3338228871641914,-0.542327054908476
2019-03-04/2019-03-10,-1,-0.3631590736692747,0.8724694759411437,-1.2693034747313086,-0.08039458017304148,-0.2112466538208258,0.5758028896988946,-1.717054414417017,0.5756694788133286,0.11184473452284992,-0.8773473295419884,1.1230743549305764,-0.3338228871641914,-0.542327054908476
2019-03-11/2019-03-17,-1,-0.3631590736692747,0.3541634746765522,1.0287796866979986,-0.08039458017304148,-0.2112466538208258,-0.14623694384164387,0.5823927253578187,0.5756694788133286,0.11184473452284992,-0.8773473295419884,1.1230743549305764,-0.3338228871641914,-0.542327054908476
2019-03-18/2019-03-24,-1,1.6652172158493577,-0.2493951308983578,-1.3980465602155638,-0.08039458017304148,-0.2112466538208258,-0.07551898518657627,0.5823927253578187,-1.7371079009805703,0.11184473452284992,-0.8773473295419884,1.1230743549305764,-0.3338228871641914,-0.542327054908476
2019-03-25/2019-03-31,-1,-0.3631590736692747,0.9371307973723079,1.1651268155969523,-0.08039458017304148,-0.2112466538208258,-0.28841496423123086,0.5823927253578187,0.5756694788133286,0.11184473452284992,-0.8773473295419884,1.1230743549305764,-0.3338228871641914,-0.542327054908476
2019-04-01/2019-04-07,-1,-0.3631590736692747,0.8022809819570603,1.051877331794586,-0.08039458017304148,-0.2112466538208258,0.5367027903838246,-1.717054414417017,0.5756694788133286,0.11184473452284992,-0.8773473295419884,1.1230743549305764,-0.3338228871641914,-0.542327054908476
2019-04-08/2019-04-14,-1,-0.3631590736692747,-1.3946593883708716,0.8899264483638941,-0.08039458017304148,-0.2112466538208258,1.163284501211628,0.5823927253578187,0.5756694788133286,0.11184473452284992,-0.8773473295419884,1.1230743549305764,-0.3338228871641914,-0.542327054908476
2019-04-15/2019-04-21,-1,1.6652172158493577,0.9753582175342962,0.8899264483638941,-0.08039458017304148,-0.2112466538208258,0.22612431818745202,0.5823927253578187,-1.7371079009805703,0.11184473452284992,-0.8773473295419884,1.1230743549305764,-0.3338228871641914,-0.542327054908476
2019-04-22/2019-04-28,-1,-0.3631590736692747,-1.0623259807443974,0.638287943607924,-0.08039458017304148,-0.2112466538208258,-0.5662561820481045,0.5823927253578187,0.5756694788133286,0.11184473452284992,-0.8773473295419884,1.1230743549305764,-0.3338228871641914,-0.542327054908476
2019-04-29/2019-05-05,1,-0.3631590736692747,1.1324173895970446,0.7603495473018254,-0.08039458017304148,-0.2112466538208258,1.746639643269566,-1.717054414417017,0.5756694788133286,0.11184473452284992,-0.8773473295419884,1.1230743549305764,-0.3338228871641914,-0.542327054908476
2019-05-06/2019-05-12,-1,-0.3631590736692747,1.5244499253731252,-0.8159994583957249,-0.08039458017304148,-0.2112466538208258,0.9099195896745428,0.5823927253578187,0.5756694788133286,0.11184473452284992,-0.8773473295419884,1.1230743549305764,-0.3338228871641914,-0.542327054908476
2019-05-13/2019-05-19,-1,1.6652172158493577,0.6017781465251373,0.09928148445817778,-0.08039458017304148,-0.2112466538208258,1.5578386754362619,0.5823927253578187,-1.7371079009805703,0.11184473452284992,-0.8773473295419884,1.1230743549305764,-0.3338228871641914,-0.542327054908476
2019-05-20/2019-05-26,-1,-0.3631590736692747,-0.037295509402778995,-1.1004344712738388,-0.08039458017304148,-0.2112466538208258,-1.4770515692445105,0.5823927253578187,0.5756694788133286,0.11184473452284992,-0.8773473295419884,1.1230743549305764,-0.3338228871641914,-0.542327054908476
2019-05-27/2019-06-02,1,-0.3631590736692747,-0.08020256210000078,-1.5379393792117,-0.08039458017304148,-0.2112466538208258,-1.0401471825534043,-1.717054414417017,0.5756694788133286,0.11184473452284992,-0.8773473295419884,1.1230743549305764,-0.3338228871641914,-0.542327054908476
2019-06-03/2019-06-09,1,-0.3631590736692747,0.35088085429315913,0.9408158962756902,-0.08039458017304148,-0.2112466538208258,-1.0054139031335818,0.5823927253578187,0.5756694788133286,0.11184473452284992,-0.8773473295419884,1.1230743549305764,-0.3338228871641914,-0.542327054908476
2019-06-10/2019-06-16,-1,1.6652172158493577,1.3412435509909386,-1.1107386105932024,-0.08039458017304148,-0.2112466538208258,-1.0798176679462932,0.5823927253578187,-1.7371079009805703,0.11184473452284992,-0.8773473295419884,1.1230743549305764,-0.3338228871641914,-0.542327054908476
2019-06-17/2019-06-23,-1,-0.3631590736692747,1.1441758544617224,0.4491914394270358,-0.08039458017304148,-0.2112466538208258,-0.33279136844914836,0.5823927253578187,0.5756694788133286,0.11184473452284992,-0.8773473295419884,1.1230743549305764,-0.3338228871641914,-0.542327054908476
2019-06-24/2019-06-30,-1,-0.3631590736692747,0.2921131652416798,0.6527596923663822,-0.08039458017304148,-0.2112466538208258,1.8963684334284705,-1.717054414417017,0.5756694788133286,0.11184473452284992,-0.8773473295419884,1.1230743549305764,-0.3338228871641914,-0.542327054908476
2019-07-01/2019-07-07,-1,-0.3631590736692747,0.18186824039832022,0.4758663260396479,-0.08039458017304148,-0.2112466538208258,-1.2212225684455997,0.5823927253578187,0.5756694788133286,0.11184473452284992,-0.8773473295419884,1.1230743549305764,-0.3338228871641914,-0.542327054908476
2019-07-08/2019-07-14,-1,1.6652172158493577,-0.6581596291583238,0.9015221032744284,-0.08039458017304148,-0.2112466538208258,-0.12104332379118608,0.5823927253578187,-1.7371079009805703,0.11184473452284992,-0.8773473295419884,1.1230743549305764,-0.3338228871641914,-0.542327054908476
2019-07-15/2019-07-21,-1,-0.3631590736692747,0.6720511915999965,-1.5297924465301767,-0.08039458017304148,-0.2112466538208258,1.9101990982341268,0.5823927253578187,0.5756694788133286,0.11184473452284992,-0.8773473295419884,1.1230743549305764,-0.3338228871641914,-0.542327054908476
2019-07-22/2019-07-28,-1,-0.3631590736692747,-1.5560688595011467,0.8345300879368946,-0.08039458017304148,-0.2112466538208258,-2.10841977705171,-1.717054414417017,0.5756694788133286,0.11184473452284992,-0.8773473295419884,1.1230743549305764,-0.3338228871641914,-0.542327054908476
2019-07-29/2019-08-04,-1,-0.3631590736692747,0.3352251906607809,-1.5533396248296942,-0.08039458017304148,-0.2112466538208258,0.2788250375370192,0.5823927253578187,0.5756694788133286,0.11184473452284992,-0.8773473295419884,1.1230743549305764,-0.3338228871641914,-0.542327054908476
2019-08-05/2019-08-11,-1,-0.3631590736692747,-1.8431901496492809,0.3681928760998629,-0.08039458017304148,-0.2112466538208258,0.08201675280803493,0.5823927253578187,-1.7371079009805703,0.11184473452284992,-0.8773473295419884,1.1230743549305764,-0.3338228871641914,-0.542327054908476
2019-08-12/2019-08-18,1,-2.3915353631879066,-0.9846051459429256,0.07930965862134642,-0.08039458017304148,-0.2112466538208258,-0.4458150836581494,0.5823927253578187,0.5756694788133286,0.11184473452284992,-0.8773473295419884,1.1230743549305764,-0.3338228871641914,-0.542327054908476
2019-08-19/2019-08-25,-1,-2.3915353631879066,-1.1508982016635905,-1.8692607044367142,-0.08039458017304148,-0.2112466538208258,-0.1733829059488866,-1.717054414417017,0.5756694788133286,0.11184473452284992,-0.8773473295419884,1.1230743549305764,-0.3338228871641914,-0.542327054908476
2019-08-26/2019-09-01,-1,-0.3631590736692747,-0.800980045013928,0.7240334531852756,-0.08039458017304148,-0.2112466538208258,-1.3305076093637491,0.5823927253578187,0.5756694788133286,0.6444232277890618,0.08255438925630633,-0.9799156409387819,1.1833076985953788,-1.0189221760046034
2019-09-02/2019-09-08,1,1.6652172158493577,0.3875069086178757,0.48174470660253566,-0.08039458017304148,-0.2112466538208258,1.7737604131586147,0.5823927253578187,-1.7371079009805703,0.6444232277890618,0.08255438925630633,-0.9799156409387819,1.1833076985953788,-1.0189221760046034
2019-09-09/2019-09-15,-1,-0.3631590736692747,0.6456535669157313,0.3930666214816373,-0.08039458017304148,-0.2112466538208258,0.3109376776077084,0.5823927253578187,0.5756694788133286,0.6444232277890618,0.08255438925630633,-0.9799156409387819,1.1833076985953788,-1.0189221760046034
2019-09-16/2019-09-22,-1,-0.3631590736692747,-1.2952369134404922,-1.7414127023266002,-0.08039458017304148,-0.2112466538208258,-1.2159711134998885,-1.717054414417017,0.5756694788133286,0.6444232277890618,0.08255438925630633,-0.9799156409387819,1.1833076985953788,-1.0189221760046034
2019-09-23/2019-09-29,0,-0.3631590736692747,-0.6016155335300408,-1.4923464866717226,-0.08039458017304148,-0.2112466538208258,0.032164258294899856,0.5823927253578187,0.5756694788133286,0.6444232277890618,0.08255438925630633,-0.9799156409387819,1.1833076985953788,-1.0189221760046034
2019-09-30/2019-10-06,-1,1.6652172158493577,-0.5794309828941752,0.5704044043344421,-0.08039458017304148,-0.2112466538208258,-1.4683176913983167,0.5823927253578187,-1.7371079009805703,-1.3570411098081543,0.3837000265263595,0.439449327118817,1.2262085634883226,-1.695769965924193
2019-10-07/2019-10-13,1,-0.3631590736692747,-0.2755159324166309,1.0996535136861425,-0.08039458017304148,-0.2112466538208258,-1.4890199261536974,0.5823927253578187,0.5756694788133286,-1.3570411098081543,0.3837000265263595,0.439449327118817,1.2262085634883226,-1.695769965924193
2019-10-14/2019-10-20,-1,-0.3631590736692747,-1.3383352998379165,-0.732958745370148,-0.08039458017304148,-0.2112466538208258,0.47020087862242116,-1.717054414417017,0.5756694788133286,-1.3570411098081543,0.3837000265263595,0.439449327118817,1.2262085634883226,-1.695769965924193
2019-10-21/2019-10-27,-1,-0.3631590736692747,0.6967578195506726,1.1443180507386463,-0.08039458017304148,-0.2112466538208258,-1.1433053371099018,0.5823927253578187,0.5756694788133286,-1.3570411098081543,0.3837000265263595,0.439449327118817,1.2262085634883226,-1.695769965924193
2019-10-28/2019-11-03,-1,1.6652172158493577,0.5116259477085127,1.3142247308327755,-0.08039458017304148,-0.2112466538208258,-0.5624304445220111,0.5823927253578187,-1.7371079009805703,-0.008414925246939887,1.1661409233619442,0.8747621250976055,-0.014016439780425924,-2.3883848124815494
2019-11-04/2019-11-10,-1,-0.3631590736692747,-1.6510350953340154,1.301444797322928,-0.08039458017304148,-0.2112466538208258,-0.48945127722479753,0.5823927253578187,0.5756694788133286,-0.008414925246939887,1.1661409233619442,0.8747621250976055,-0.014016439780425924,-2.3883848124815494
2019-11-11/2019-11-17,-1,-0.3631590736692747,-1.1971882386019739,1.4027951423098703,-0.08039458017304148,-0.2112466538208258,-1.4849349315317013,-1.717054414417017,0.5756694788133286,-0.008414925246939887,1.1661409233619442,0.8747621250976055,-0.014016439780425924,-2.3883848124815494
2019-11-18/2019-11-24,-1,-0.3631590736692747,-0.9107692867993415,-0.7719614620530937,-0.08039458017304148,-0.2112466538208258,1.855907030580833,0.5823927253578187,0.5756694788133286,-0.008414925246939887,1.1661409233619442,0.8747621250976055,-0.014016439780425924,-2.3883848124815494
2019-11-25/2019-12-01,-1,-0.3631590736692747,-0.333189032912412,-0.14216315848046845,-0.08039458017304148,-0.2112466538208258,-1.0455265423182962,0.5823927253578187,-1.7371079009805703,-1.6405103078369447,0.9429704957421726,-0.538471676791278,1.3549111581671551,1.23597256711168
2019-12-02/2019-12-08,-1,-2.3915353631879066,0.3647033936126362,1.3135789268450158,-0.08039458017304148,-0.2112466538208258,0.9120202343753641,0.5823927253578187,0.5756694788133286,-1.6405103078369447,0.9429704957421726,-0.538471676791278,1.3549111581671551,1.23597256711168
2019-12-09/2019-12-15,-1,-2.3915353631879066,-1.5862471814964598,0.9224204908672802,-0.08039458017304148,-0.2112466538208258,0.28769501679031423,-1.717054414417017,0.5756694788133286,-1.6405103078369447,0.9429704957421726,-0.538471676791278,1.3549111581671551,1.23597256711168
2019-12-16/2019-12-22,1,-0.3631590736692747,0.09825403746805128,1.138175876846065,-0.08039458017304148,-0.2112466538208258,0.5234054759056325,0.5823927253578187,0.5756694788133286,-1.6405103078369447,0.9429704957421726,-0.538471676791278,1.3549111581671551,1.23597256711168
2019-12-23/2019-12-29,1,1.6652172158493577,0.3806355427650461,0.3875764333342346,-0.08039458017304148,-0.2112466538208258,-1.457329769000063,0.5823927253578187,-1.7371079009805703,-1.6405103078369447,0.9429704957421726,-0.538471676791278,1.3549111581671551,1.23597256711168
2019-12-30/2020-01-05,-1,-0.3631590736692747,1.2039191758829217,-0.03367643535411023,-0.08039458017304148,-0.2112466538208258,1.9318043259445112,-1.717054414417017,0.5756694788133286,-1.6405103078369447,0.9429704957421726,-0.538471676791278,1.3549111581671551,1.23597256711168
2020-01-06/2020-01-12,1,-0.3631590736692747,0.14983501914761166,0.5277437345499401,-0.08039458017304148,-0.2112466538208258,1.5447381561662858,0.5823927253578187,0.5756694788133286,-1.6405103078369447,0.9429704957421726,-0.538471676791278,1.3549111581671551,1.23597256711168
2020-01-13/2020-01-19,-1,-0.3631590736692747,2.211450382523037,1.02843085428035,-0.08039458017304148,-0.2112466538208258,0.3320442770088629,0.5823927253578187,0.5756694788133286,-1.6405103078369447,0.9429704957421726,-0.538471676791278,1.3549111581671551,1.23597256711168
2020-01-20/2020-01-26,-1,1.6652172158493577,-1.0945108347391108,-1.5579640205947627,-0.08039458017304148,-0.2112466538208258,-1.3012655176062058,0.5823927253578187,-1.7371079009805703,-1.6405103078369447,0.9429704957421726,-0.538471676791278,1.3549111581671551,1.23597256711168
2020-01-27/2020-02-02,1,-0.3631590736692747,-0.080777884006987,-1.1762009715220774,-0.08039458017304148,3.0137855945104484,-0.486239131924847,-1.717054414417017,0.5756694788133286,-1.6405103078369447,0.9429704957421726,-0.538471676791278,1.3549111581671551,1.23597256711168
2020-02-03/2020-02-09,-1,-0.3631590736692747,1.3297647567394872,0.20333270080537688,-0.08039458017304148,-0.2112466538208258,1.4693439291415995,0.5823927253578187,0.5756694788133286,-1.6405103078369447,0.9429704957421726,-0.538471676791278,1.3549111581671551,1.23597256711168
2020-02-10/2020-02-16,-1,-0.3631590736692747,-0.4227572512289439,0.614654169501273,-0.08039458017304148,-0.2112466538208258,1.5773811744770772,0.5823927253578187,0.5756694788133286,-1.6405103078369447,0.9429704957421726,-0.538471676791278,1.3549111581671551,1.23597256711168
2020-02-17/2020-02-23,-1,1.6652172158493577,0.4267067745322602,-1.5519440128539144,-0.08039458017304148,-0.2112466538208258,0.014091908390545324,0.5823927253578187,-1.7371079009805703,-1.6405103078369447,0.9429704957421726,-0.538471676791278,1.3549111581671551,1.23597256711168
2020-02-24/2020-03-01,-1,-0.3631590736692747,-1.144081510235503,-1.1930852520169117,-0.08039458017304148,-0.2112466538208258,-0.31459609694002705,-1.717054414417017,0.5756694788133286,1.1855916967531162,-0.3933632696436885,-0.41584835341697163,-0.6458291772946941,-1.3513731894738212
2020-03-02/2020-03-08,1,-0.3631590736692747,-0.14084408043860577,-1.3361177882924764,-0.08039458017304148,-0.2112466538208258,1.8253658841747795,0.5823927253578187,0.5756694788133286,1.1855916967531162,-0.3933632696436885,-0.41584835341697163,-0.6458291772946941,-1.3513731894738212
2020-03-09/2020-03-15,-1,-0.3631590736692747,-0.9903663603265127,-0.200670582399123,-0.08039458017304148,-0.2112466538208258,-0.7130936937444602,0.5823927253578187,0.5756694788133286,1.1855916967531162,-0.3933632696436885,-0.41584835341697163,-0.6458291772946941,-1.3513731894738212
2020-03-16/2020-03-22,-1,1.6652172158493577,1.2453231575129897,-1.0814840722613162,-0.08039458017304148,-0.2112466538208258,-1.0628567047374118,-1.717054414417017,-1.7371079009805703,1.1855916967531162,-0.3933632696436885,-0.41584835341697163,-0.6458291772946941,-1.3513731894738212
2020-03-23/2020-03-29,-1,-0.3631590736692747,-0.9876008698081938,0.08305418558034323,-0.08039458017304148,-0.2112466538208258,0.260933999826215,0.5823927253578187,0.5756694788133286,1.1855916967531162,-0.3933632696436885,-0.41584835341697163,-0.6458291772946941,-1.3513731894738212
2020-03-30/2020-04-05,-1,-0.3631590736692747,0.605666404954344,-1.054751617389673,-0.08039458017304148,-0.2112466538208258,0.08199042142758026,0.5823927253578187,0.5756694788133286,1.1855916967531162,-0.3933632696436885,-0.41584835341697163,-0.6458291772946941,-1.3513731894738212
2020-04-06/2020-04-12,-1,-0.3631590736692747,-1.2421819010312944,-1.054751617389673,-0.08039458017304148,-0.2112466538208258,1.9065733740485218,0.5823927253578187,0.5756694788133286,1.1855916967531162,-0.3933632696436885,-0.41584835341697163,-0.6458291772946941,-1.3513731894738212
2020-04-13/2020-04-19,-1,1.6652172158493577,1.2780428536019486,0.8316550000931965,-0.08039458017304148,-0.2112466538208258,-0.6732673408406665,-1.717054414417017,-1.7371079009805703,1.1855916967531162,-0.3933632696436885,-0.41584835341697163,-0.6458291772946941,-1.3513731894738212
2020-04-20/2020-04-26,1,-0.3631590736692747,0.7263892348082671,0.7625753012775655,-0.08039458017304148,-0.2112466538208258,-0.4353361806522428,0.5823927253578187,0.5756694788133286,1.1855916967531162,-0.3933632696436885,-0.41584835341697163,-0.6458291772946941,-1.3513731894738212
2020-04-27/2020-05-03,-1,-2.3915353631879066,0.9954884101171146,-1.1453347762455257,-0.08039458017304148,-0.2112466538208258,0.008949936525483218,0.5823927253578187,0.5756694788133286,1.1855916967531162,-0.3933632696436885,-0.41584835341697163,-0.6458291772946941,-1.3513731894738212
2020-05-04/2020-05-10,-1,-2.3915353631879066,-1.4930772132289656,1.122818789573048,-0.08039458017304148,-0.2112466538208258,1.881784080239256,0.5823927253578187,0.5756694788133286,1.1855916967531162,-0.3933632696436885,-0.41584835341697163,-0.6458291772946941,-1.3513731894738212
2020-05-11/2020-05-17,-1,-0.3631590736692747,0.48171211232281,-0.13585777227591286,-0.08039458017304148,-0.2112466538208258,0.20047816952215536,-1.717054414417017,-1.7371079009805703,1.1855916967531162,-0.3933632696436885,-0.41584835341697163,-0.6458291772946941,-1.3513731894738212
2020-05-18/2020-05-24,-1,-0.3631590736692747,-0.4452025724342704,0.32967679456272314,-0.08039458017304148,-0.2112466538208258,0.40136635190115044,0.5823927253578187,0.5756694788133286,1.1855916967531162,-0.3933632696436885,-0.41584835341697163,-0.6458291772946941,-1.3513731894738212
2020-05-25/2020-05-31,-1,-0.3631590736692747,0.9245512336349367,1.0415602100036074,-0.08039458017304148,-0.2112466538208258,1.185706505269798,0.5823927253578187,0.5756694788133286,-1.1909682463165399,-2.065797076625591,1.1169431887618613,-1.874353944683549,-0.5144039874056373
2020-06-01/2020-06-07,1,-0.3631590736692747,-0.3373120288190487,1.2793331271803818,-0.08039458017304148,-0.2112466538208258,0.7185671104271681,-1.717054414417017,0.5756694788133286,-1.1909682463165399,-2.065797076625591,1.1169431887618613,-1.874353944683549,-0.5144039874056373
2020-06-08/2020-06-14,0,1.6652172158493577,-0.5708814194813959,-1.0488363294447642,-0.08039458017304148,-0.2112466538208258,-0.12599911546703407,0.5823927253578187,-1.7371079009805703,-1.1909682463165399,-2.065797076625591,1.1169431887618613,-1.874353944683549,-0.5144039874056373
2020-06-15/2020-06-21,-1,-0.3631590736692747,-0.5713185611073182,0.4193326684306817,-0.08039458017304148,-0.2112466538208258,0.3235601455498783,0.5823927253578187,0.5756694788133286,-1.1909682463165399,-2.065797076625591,1.1169431887618613,-1.874353944683549,-0.5144039874056373
2020-06-22/2020-06-28,-1,-0.3631590736692747,-0.5713185611073182,-1.637743139527309,-0.08039458017304148,-0.2112466538208258,-0.9286280997720042,0.5823927253578187,0.5756694788133286,-1.1909682463165399,-2.065797076625591,1.1169431887618613,-1.874353944683549,-0.5144039874056373
2020-06-29/2020-07-05,-1,-0.3631590736692747,-0.29707607810222575,-1.637743139527309,-0.08039458017304148,-0.2112466538208258,-0.8340361189136296,-1.717054414417017,0.5756694788133286,-1.1909682463165399,-2.065797076625591,1.1169431887618613,-1.874353944683549,-0.5144039874056373
2020-07-06/2020-07-12,-1,1.6652172158493577,-0.06906936672673963,0.9532224808806362,-0.08039458017304148,-0.2112466538208258,0.025048316424031214,0.5823927253578187,-1.7371079009805703,-1.1909682463165399,-2.065797076625591,1.1169431887618613,-1.874353944683549,-0.5144039874056373
2020-07-13/2020-07-19,-1,-0.3631590736692747,-0.7137757557314648,0.13093372876975287,-0.08039458017304148,-0.2112466538208258,0.8323956349649654,0.5823927253578187,0.5756694788133286,-1.1909682463165399,-2.065797076625591,1.1169431887618613,-1.874353944683549,-0.5144039874056373
2020-07-20/2020-07-26,1,-0.3631590736692747,0.2652092739531962,-1.4911237621792433,-0.08039458017304148,-0.2112466538208258,-1.308727970509444,0.5823927253578187,0.5756694788133286,-1.1909682463165399,-2.065797076625591,1.1169431887618613,-1.874353944683549,-0.5144039874056373
2020-07-27/2020-08-02,-1,-0.3631590736692747,0.37901816537738436,1.177263691992331,-0.08039458017304148,-0.2112466538208258,-1.7927071630630484,-1.717054414417017,0.5756694788133286,-1.1909682463165399,-2.065797076625591,1.1169431887618613,-1.874353944683549,-0.5144039874056373
2020-08-03/2020-08-09,1,1.6652172158493577,0.3500882797089704,0.002833869925665475,-0.08039458017304148,-0.2112466538208258,-0.758274590293908,0.5823927253578187,-1.7371079009805703,-1.1909682463165399,-2.065797076625591,1.1169431887618613,-1.874353944683549,-0.5144039874056373
2020-08-10/2020-08-16,-1,-0.3631590736692747,0.9668764660170892,0.2640848055735825,-0.08039458017304148,-0.2112466538208258,-0.8429149455212549,0.5823927253578187,0.5756694788133286,-1.1909682463165399,-2.065797076625591,1.1169431887618613,-1.874353944683549,-0.5144039874056373
2020-08-17/2020-08-23,-1,-0.3631590736692747,-0.8158826800346771,0.9920007271338444,-0.08039458017304148,-0.2112466538208258,0.3108985604553375,0.5823927253578187,0.5756694788133286,-1.1909682463165399,-2.065797076625591,1.1169431887618613,-1.874353944683549,-0.5144039874056373
2020-08-24/2020-08-30,-1,-0.3631590736692747,0.5995356798257022,0.6715138893868395,-0.08039458017304148,-0.2112466538208258,-1.0040398209208397,-1.717054414417017,0.5756694788133286,-1.1909682463165399,-2.065797076625591,1.1169431887618613,-1.874353944683549,-0.5144039874056373
2020-08-31/2020-09-06,-1,1.6652172158493577,-1.2989066694552254,-1.4116694181331713,-0.08039458017304148,-0.2112466538208258,1.364347022266959,0.5823927253578187,-1.7371079009805703,0.7074163829065709,-1.7431410366933915,-1.5102615145326581,1.8151204361096467,0.1215605643564569
2020-09-07/2020-09-13,-1,-0.3631590736692747,1.7922904212523427,-0.8220680340844626,-0.08039458017304148,-0.2112466538208258,-0.16394427281817264,0.5823927253578187,0.5756694788133286,0.7074163829065709,-1.7431410366933915,-1.5102615145326581,1.8151204361096467,0.1215605643564569
2020-09-14/2020-09-20,-1,-0.3631590736692747,0.9596753543651592,-1.5113362216663295,-0.08039458017304148,-0.2112466538208258,0.19578470578096582,0.5823927253578187,0.5756694788133286,0.7074163829065709,-1.7431410366933915,-1.5102615145326581,1.8151204361096467,0.1215605643564569
2020-09-21/2020-09-27,-1,-0.3631590736692747,0.8387046034362502,0.5690845925125353,-0.08039458017304148,-0.2112466538208258,-1.5305751206392535,-1.717054414417017,0.5756694788133286,0.7074163829065709,-1.7431410366933915,-1.5102615145326581,1.8151204361096467,0.1215605643564569
2020-09-28/2020-10-04,-1,1.6652172158493577,-1.2862852306249848,-0.9555165244441636,-0.08039458017304148,-0.2112466538208258,-0.2036437477367837,0.5823927253578187,-1.7371079009805703,0.6959630819761145,-1.2000033694741883,-1.4979991821952274,-0.7082304353207948,2.3167986214030596
2020-10-05/2020-10-11,-1,-0.3631590736692747,0.9979961151200615,1.0669671954164008,-0.08039458017304148,3.0137855945104484,-0.8199016729333176,0.5823927253578187,0.5756694788133286,0.6959630819761145,-1.2000033694741883,-1.4979991821952274,-0.7082304353207948,2.3167986214030596
2020-10-12/2020-10-18,-1,-0.3631590736692747,-0.35362717316527187,-1.3508211173531972,-0.08039458017304148,-0.2112466538208258,-0.6636737786704638,0.5823927253578187,0.5756694788133286,0.6959630819761145,-1.2000033694741883,-1.4979991821952274,-0.7082304353207948,2.3167986214030596
2020-10-19/2020-10-25,-1,-0.3631590736692747,1.2114755743473926,1.189234334546774,7.2837489636775565,6.238817842841723,0.21052320399979668,-1.717054414417017,0.5756694788133286,0.6959630819761145,-1.2000033694741883,-1.4979991821952274,-0.7082304353207948,2.3167986214030596
2020-10-26/2020-11-01,-1,1.6652172158493577,0.8600476073697153,-1.3606447995239062,-0.08039458017304148,-0.2112466538208258,-0.1610343709463346,0.5823927253578187,-1.7371079009805703,1.0681953622159404,0.7144224674568644,-1.0749487165538696,0.6996979488930993,0.31136989850793206
2020-11-02/2020-11-08,-1,-0.3631590736692747,0.2876076958820002,0.656840266053617,-0.08039458017304148,-0.2112466538208258,-0.759688441180036,0.5823927253578187,0.5756694788133286,1.0681953622159404,0.7144224674568644,-1.0749487165538696,0.6996979488930993,0.31136989850793206
2020-11-09/2020-11-15,1,-0.3631590736692747,0.19675556198834449,0.775041272761311,-0.08039458017304148,-0.2112466538208258,0.481693690825673,0.5823927253578187,0.5756694788133286,1.0681953622159404,0.7144224674568644,-1.0749487165538696,0.6996979488930993,0.31136989850793206
2020-11-16/2020-11-22,-1,-0.3631590736692747,0.7926866466916724,-0.6477234575998748,-0.08039458017304148,-0.2112466538208258,1.448147052598378,-1.717054414417017,0.5756694788133286,1.0681953622159404,0.7144224674568644,-1.0749487165538696,0.6996979488930993,0.31136989850793206
2020-11-23/2020-11-29,-1,1.6652172158493577,-0.30622828724519285,0.8353358885278763,-7.444538124023639,6.238817842841723,0.5538447074739484,0.5823927253578187,-1.7371079009805703,1.0681953622159404,0.7144224674568644,-1.0749487165538696,0.6996979488930993,0.31136989850793206
2020-11-30/2020-12-06,1,-0.3631590736692747,0.3491310998477964,0.9168277576000008,-0.08039458017304148,-0.2112466538208258,-1.1077757068501901,0.5823927253578187,0.5756694788133286,1.0681953622159404,0.7144224674568644,-1.0749487165538696,0.6996979488930993,0.31136989850793206
2020-12-07/2020-12-13,1,-0.3631590736692747,0.5975592224066751,-0.8461137080706472,7.2837489636775565,6.238817842841723,-0.0912032638935275,0.5823927253578187,0.5756694788133286,1.0681953622159404,0.7144224674568644,-1.0749487165538696,0.6996979488930993,0.31136989850793206
2020-12-14/2020-12-20,1,-0.3631590736692747,0.8410339211426124,0.5777118758414075,-0.08039458017304148,-0.2112466538208258,0.31909302976775555,-1.717054414417017,0.5756694788133286,1.0681953622159404,0.7144224674568644,-1.0749487165538696,0.6996979488930993,0.31136989850793206
2020-12-21/2020-12-27,0,1.6652172158493577,1.5157837754214663,0.5777118758414075,-0.08039458017304148,-0.2112466538208258,-0.8914680285150784,0.5823927253578187,-1.7371079009805703,1.0681953622159404,0.7144224674568644,-1.0749487165538696,0.6996979488930993,0.31136989850793206
2020-12-28/2021-01-03,-1,-0.3631590736692747,1.5242618476339667,0.5777118758414075,-0.08039458017304148,-0.2112466538208258,0.8562358217076744,0.5823927253578187,0.5756694788133286,1.0681953622159404,0.7144224674568644,-1.0749487165538696,0.6996979488930993,0.31136989850793206
2021-01-04/2021-01-10,-1,-0.3631590736692747,1.1491323658730779,1.059369299633338,-0.08039458017304148,-0.2112466538208258,0.4040337983539742,0.5823927253578187,0.5756694788133286,1.0681953622159404,0.7144224674568644,-1.0749487165538696,0.6996979488930993,0.31136989850793206
2021-01-11/2021-01-17,1,-0.3631590736692747,-0.19083385977794357,-1.4815650100029574,-0.08039458017304148,-0.2112466538208258,-0.3354967403266436,-1.717054414417017,0.5756694788133286,1.0681953622159404,0.7144224674568644,-1.0749487165538696,0.6996979488930993,0.31136989850793206
2021-01-18/2021-01-24,-1,1.6652172158493577,-0.6460247549561534,0.42852724017011695,-0.08039458017304148,-0.2112466538208258,-0.910470039578862,0.5823927253578187,-1.7371079009805703,1.0681953622159404,0.7144224674568644,-1.0749487165538696,0.6996979488930993,0.31136989850793206
2021-01-25/2021-01-31,-1,-0.3631590736692747,1.397813527806932,-1.464079605298773,-0.08039458017304148,-0.2112466538208258,-0.13481175410176224,0.5823927253578187,0.5756694788133286,1.0681953622159404,0.7144224674568644,-1.0749487165538696,0.6996979488930993,0.31136989850793206
2021-02-01/2021-02-07,1,-0.3631590736692747,0.56572575428859,0.8808817372827771,-0.08039458017304148,-0.2112466538208258,0.27775677294971535,0.5823927253578187,0.5756694788133286,1.0681953622159404,0.7144224674568644,-1.0749487165538696,0.6996979488930993,0.31136989850793206
2021-02-08/2021-02-14,1,-0.3631590736692747,0.7840209844961454,1.3137162153391366,-0.08039458017304148,-0.2112466538208258,0.1736998601286284,-1.717054414417017,0.5756694788133286,1.0681953622159404,0.7144224674568644,-1.0749487165538696,0.6996979488930993,0.31136989850793206
2021-02-15/2021-02-21,-1,1.6652172158493577,1.3597547986746366,-0.9282212412973662,-0.08039458017304148,-0.2112466538208258,0.12955644117870152,0.5823927253578187,-1.7371079009805703,1.0681953622159404,0.7144224674568644,-1.0749487165538696,0.6996979488930993,0.31136989850793206
2021-02-22/2021-02-28,-1,-0.3631590736692747,-1.9702736667129082,-1.0661795377204573,-0.08039458017304148,-0.2112466538208258,1.523952244126382,0.5823927253578187,0.5756694788133286,1.0681953622159404,0.7144224674568644,-1.0749487165538696,0.6996979488930993,0.31136989850793206
2021-03-01/2021-03-07,1,-0.3631590736692747,0.4747840419993777,-0.7595546052107269,-0.08039458017304148,-0.2112466538208258,0.22502502630617155,0.5823927253578187,0.5756694788133286,1.0681953622159404,0.7144224674568644,-1.0749487165538696,0.6996979488930993,0.31136989850793206
2021-03-08/2021-03-14,-1,-0.3631590736692747,1.7694367110080844,0.4702292219425518,-0.08039458017304148,-0.2112466538208258,0.41981424788412297,-1.717054414417017,0.5756694788133286,1.0681953622159404,0.7144224674568644,-1.0749487165538696,0.6996979488930993,0.31136989850793206
2021-03-15/2021-03-21,-1,1.6652172158493577,-0.2010847233179686,-0.9718230462798595,-0.08039458017304148,-0.2112466538208258,1.3770777776836718,0.5823927253578187,-1.7371079009805703,1.0681953622159404,0.7144224674568644,-1.0749487165538696,0.6996979488930993,0.31136989850793206
2021-03-22/2021-03-28,-1,-0.3631590736692747,1.590157930694602,-0.212946764060851,3.601677191752257,3.0137855945104484,0.054421690856903945,0.5823927253578187,0.5756694788133286,1.0681953622159404,0.7144224674568644,-1.0749487165538696,0.6996979488930993,0.31136989850793206
2021-03-29/2021-04-04,-1,-0.3631590736692747,-1.2060900825415386,-0.212946764060851,-0.08039458017304148,-0.2112466538208258,-0.3465959179728695,0.5823927253578187,0.5756694788133286,1.0681953622159404,0.7144224674568644,-1.0749487165538696,0.6996979488930993,0.31136989850793206
2021-04-05/2021-04-11,-1,-0.3631590736692747,0.6876207740470937,1.1282981993275065,-0.08039458017304148,-0.2112466538208258,-2.2277763094849976,-1.717054414417017,0.5756694788133286,1.0681953622159404,0.7144224674568644,-1.0749487165538696,0.6996979488930993,0.31136989850793206
2021-04-12/2021-04-18,-1,1.6652172158493577,-2.0994597971451965,0.6766971087456818,-0.08039458017304148,-0.2112466538208258,0.6543508871375742,0.5823927253578187,-1.7371079009805703,1.0681953622159404,0.7144224674568644,-1.0749487165538696,0.6996979488930993,0.31136989850793206
2021-04-19/2021-04-25,-1,-0.3631590736692747,-2.0994597971451965,0.9707154231923627,-0.08039458017304148,-0.2112466538208258,-0.04560330406295162,0.5823927253578187,0.5756694788133286,1.0681953622159404,0.7144224674568644,-1.0749487165538696,0.6996979488930993,0.31136989850793206
2021-04-26/2021-05-02,0,-0.3631590736692747,0.7360433002974458,-1.7094859153992115,-0.08039458017304148,-0.2112466538208258,-0.11937005542484155,0.5823927253578187,0.5756694788133286,1.0681953622159404,0.7144224674568644,-1.0749487165538696,0.6996979488930993,0.31136989850793206
2021-05-03/2021-05-09,-1,-0.3631590736692747,0.8236871091874497,0.17459080835886187,-0.08039458017304148,-0.2112466538208258,-0.024693957704448148,-1.717054414417017,0.5756694788133286,1.0681953622159404,0.7144224674568644,-1.0749487165538696,0.6996979488930993,0.31136989850793206
2021-05-10/2021-05-16,0,1.6652172158493577,-0.7106281004037169,0.5726143191712927,-0.08039458017304148,-0.2112466538208258,-1.0751264021013842,0.5823927253578187,-1.7371079009805703,1.0681953622159404,0.7144224674568644,-1.0749487165538696,0.6996979488930993,0.31136989850793206
2021-05-17/2021-05-23,1,-0.3631590736692747,-0.6994493656820948,0.44294432947389284,-0.08039458017304148,-0.2112466538208258,-0.3050606883922623,0.5823927253578187,0.5756694788133286,1.0681953622159404,0.7144224674568644,-1.0749487165538696,0.6996979488930993,0.31136989850793206
2021-05-24/2021-05-30,0,-0.3631590736692747,-1.4165332079761008,0.6262675693373833,-0.08039458017304148,-0.2112466538208258,-0.15890644289444014,0.5823927253578187,0.5756694788133286,1.0681953622159404,0.7144224674568644,-1.0749487165538696,0.6996979488930993,0.31136989850793206
2021-05-31/2021-06-06,-1,-0.3631590736692747,-1.5737099883587378,0.7230311053897124,-0.08039458017304148,-0.2112466538208258,-0.05802421307015227,-1.717054414417017,0.5756694788133286,1.0681953622159404,0.7144224674568644,-1.0749487165538696,0.6996979488930993,0.31136989850793206
2021-06-07/2021-06-13,1,1.6652172158493577,-0.3142213420896626,1.060640384823495,-0.08039458017304148,-0.2112466538208258,-0.9881824377861501,0.5823927253578187,-1.7371079009805703,1.0681953622159404,0.7144224674568644,-1.0749487165538696,0.6996979488930993,0.31136989850793206
2021-06-14/2021-06-20,-1,-0.3631590736692747,-0.9244337321437803,-1.136438196941579,-0.08039458017304148,-0.2112466538208258,0.4226179567771778,0.5823927253578187,0.5756694788133286,1.0681953622159404,0.7144224674568644,-1.0749487165538696,0.6996979488930993,0.31136989850793206
2021-06-21/2021-06-27,-1,-0.3631590736692747,-0.4406677328212657,0.6034687563548273,-0.08039458017304148,-0.2112466538208258,-0.34797430400141904,0.5823927253578187,0.5756694788133286,1.0681953622159404,0.7144224674568644,-1.0749487165538696,0.6996979488930993,0.31136989850793206
2021-06-28/2021-07-04,-1,-0.3631590736692747,0.9059330496026186,1.4346643751047314,-0.08039458017304148,-0.2112466538208258,-0.11661080698200442,-1.717054414417017,0.5756694788133286,1.0681953622159404,0.7144224674568644,-1.0749487165538696,0.6996979488930993,0.31136989850793206
2021-07-05/2021-07-11,-1,1.6652172158493577,-0.8210808430457522,0.6174775004584752,-0.08039458017304148,-0.2112466538208258,-0.33223234522747563,0.5823927253578187,-1.7371079009805703,1.0681953622159404,0.7144224674568644,-1.0749487165538696,0.6996979488930993,0.31136989850793206
2021-07-12/2021-07-18,-1,-0.3631590736692747,-0.1728609230189604,-1.6155869511465628,-0.08039458017304148,-0.2112466538208258,-0.559065707186287,0.5823927253578187,0.5756694788133286,1.0681953622159404,0.7144224674568644,-1.0749487165538696,0.6996979488930993,0.31136989850793206
2021-07-19/2021-07-25,1,-0.3631590736692747,0.47148847578709163,0.9021090196079571,-0.08039458017304148,-0.2112466538208258,-0.0034739171704505,0.5823927253578187,0.5756694788133286,1.0681953622159404,0.7144224674568644,-1.0749487165538696,0.6996979488930993,0.31136989850793206
2021-07-26/2021-08-01,0,-0.3631590736692747,1.3899038808506516,-1.1037791726514297,-0.08039458017304148,-0.2112466538208258,1.1942112387448691,-1.717054414417017,0.5756694788133286,1.0681953622159404,0.7144224674568644,-1.0749487165538696,0.6996979488930993,0.31136989850793206
2021-08-02/2021-08-08,-1,1.6652172158493577,1.4152558850839878,0.3058024706008727,-0.08039458017304148,-0.2112466538208258,-1.789758120978101,0.5823927253578187,-1.7371079009805703,1.0681953622159404,0.7144224674568644,-1.0749487165538696,0.6996979488930993,0.31136989850793206
2021-08-09/2021-08-15,1,-0.3631590736692747,0.3615115185691536,0.10112338897183121,-0.08039458017304148,-0.2112466538208258,0.05999288788929819,0.5823927253578187,0.5756694788133286,1.0681953622159404,0.7144224674568644,-1.0749487165538696,0.6996979488930993,0.31136989850793206
2021-08-16/2021-08-22,-1,-0.3631590736692747,0.9184328937550518,0.34320479114451585,-0.08039458017304148,-0.2112466538208258,-0.30668007069567615,0.5823927253578187,0.5756694788133286,1.0681953622159404,0.7144224674568644,-1.0749487165538696,0.6996979488930993,0.31136989850793206
2021-08-23/2021-08-29,-1,-0.3631590736692747,-0.14330062477202773,1.1690534500684164,-0.08039458017304148,-0.2112466538208258,0.3437803749030923,-1.717054414417017,0.5756694788133286,1.0681953622159404,0.7144224674568644,-1.0749487165538696,0.6996979488930993,0.31136989850793206
2021-08-30/2021-09-05,-1,1.6652172158493577,0.29143759685777865,1.0176904243275133,-0.08039458017304148,-0.2112466538208258,-0.13529310993236446,0.5823927253578187,-1.7371079009805703,1.0681953622159404,0.7144224674568644,-1.0749487165538696,0.6996979488930993,0.31136989850793206
2021-09-06/2021-09-12,-1,-0.3631590736692747,-0.7192081712011479,-1.462562313768001,-0.08039458017304148,-0.2112466538208258,-1.078193692073495,0.5823927253578187,0.5756694788133286,1.0681953622159404,0.7144224674568644,-1.0749487165538696,0.6996979488930993,0.31136989850793206
2021-09-13/2021-09-19,-1,-0.3631590736692747,0.5319455968820825,-1.118438642430019,-0.08039458017304148,-0.2112466538208258,1.119857549206183,0.5823927253578187,0.5756694788133286,1.0681953622159404,0.7144224674568644,-1.0749487165538696,0.6996979488930993,0.31136989850793206
2021-09-20/2021-09-26,-1,-0.3631590736692747,-1.128765267367902,0.6994805482236419,-0.08039458017304148,-0.2112466538208258,0.5949725615104957,-1.717054414417017,0.5756694788133286,1.0681953622159404,0.7144224674568644,-1.0749487165538696,0.6996979488930993,0.31136989850793206
2021-09-27/2021-10-03,-1,1.6652172158493577,1.2501483604063899,-0.417157712746935,-0.08039458017304148,-0.2112466538208258,-0.18975309443515445,0.5823927253578187,-1.7371079009805703,1.0681953622159404,0.7144224674568644,-1.0749487165538696,0.6996979488930993,0.31136989850793206
2021-10-04/2021-10-10,-1,-0.3631590736692747,0.8732749349568903,0.3635352888560908,-0.08039458017304148,-0.2112466538208258,0.48740882427415944,0.5823927253578187,0.5756694788133286,1.0681953622159404,0.7144224674568644,-1.0749487165538696,0.6996979488930993,0.31136989850793206
2021-10-11/2021-10-17,-1,-0.3631590736692747,0.6704355576276109,0.9600529881208218,-0.08039458017304148,-0.2112466538208258,-0.12530353327000754,0.5823927253578187,0.5756694788133286,1.0681953622159404,0.7144224674568644,-1.0749487165538696,0.6996979488930993,0.31136989850793206
2021-10-18/2021-10-24,-1,-0.3631590736692747,-1.460415936530449,-0.5683006504234487,-0.08039458017304148,-0.2112466538208258,-1.174797907272822,-1.717054414417017,0.5756694788133286,1.0681953622159404,0.7144224674568644,-1.0749487165538696,0.6996979488930993,0.31136989850793206
2021-10-25/2021-10-31,-1,1.6652172158493577,0.2842018508257964,0.9833777078617465,-0.08039458017304148,-0.2112466538208258,-0.37082409437512975,0.5823927253578187,-1.7371079009805703,-1.4973440462062424,0.28690321454669965,-1.280342783205833,-1.917254809576493,-2.114821622382429
2021-11-01/2021-11-07,1,-0.3631590736692747,-0.37688636348851234,0.7768139680338529,-0.08039458017304148,-0.2112466538208258,0.960810223456878,0.5823927253578187,0.5756694788133286,-1.4973440462062424,0.28690321454669965,-1.280342783205833,-1.917254809576493,-2.114821622382429
2021-11-08/2021-11-14,-1,-0.3631590736692747,-0.7085723506100846,0.09953271628281032,-0.08039458017304148,-0.2112466538208258,1.0720746613304704,0.5823927253578187,0.5756694788133286,-1.4973440462062424,0.28690321454669965,-1.280342783205833,-1.917254809576493,-2.114821622382429
2021-11-15/2021-11-21,1,-0.3631590736692747,-0.13903638766086174,0.9777883701953901,-0.08039458017304148,-0.2112466538208258,-1.7570341172403328,-1.717054414417017,0.5756694788133286,-1.4973440462062424,0.28690321454669965,-1.280342783205833,-1.917254809576493,-2.114821622382429
2021-11-22/2021-11-28,-1,1.6652172158493577,-1.9574722635566026,-1.6139613461634787,-0.08039458017304148,-0.2112466538208258,-0.8011406569292565,0.5823927253578187,-1.7371079009805703,-1.4973440462062424,0.28690321454669965,-1.280342783205833,-1.917254809576493,-2.114821622382429
2021-11-29/2021-12-05,-1,-0.3631590736692747,-1.5019115455143859,-1.3682155921551873,3.601677191752257,3.0137855945104484,0.33242601174206354,0.5823927253578187,0.5756694788133286,-1.4973440462062424,0.28690321454669965,-1.280342783205833,-1.917254809576493,-2.114821622382429
2021-12-06/2021-12-12,-1,-0.3631590736692747,-0.697728534804342,0.04487753870904451,-0.08039458017304148,-0.2112466538208258,1.0697929622349305,0.5823927253578187,0.5756694788133286,-1.4973440462062424,0.28690321454669965,-1.280342783205833,-1.917254809576493,-2.114821622382429
2021-12-13/2021-12-19,-1,-0.3631590736692747,0.3487487657755559,-1.017496443042456,-0.08039458017304148,-0.2112466538208258,-0.5102912515113044,-1.717054414417017,0.5756694788133286,-1.4973440462062424,0.28690321454669965,-1.280342783205833,-1.917254809576493,-2.114821622382429
2021-12-20/2021-12-26,-1,1.6652172158493577,0.12918334302286805,-1.017496443042456,-0.08039458017304148,-0.2112466538208258,-0.9561374280968489,0.5823927253578187,-1.7371079009805703,-1.4973440462062424,0.28690321454669965,-1.280342783205833,-1.917254809576493,-2.114821622382429
2021-12-27/2022-01-02,1,-0.3631590736692747,-0.6889164848036758,-1.5774394985350848,-0.08039458017304148,-0.2112466538208258,0.09627221049644595,0.5823927253578187,0.5756694788133286,-1.4973440462062424,0.28690321454669965,-1.280342783205833,-1.917254809576493,-2.114821622382429
2022-01-03/2022-01-09,1,-2.3915353631879066,-0.8380878017869263,-1.1443583018715022,-0.08039458017304148,-0.2112466538208258,0.30242899509060234,0.5823927253578187,0.5756694788133286,-1.4973440462062424,0.28690321454669965,-1.280342783205833,-1.917254809576493,-2.114821622382429
